fold,split,sequence_index,cow_id,target,target_label,health_condition,dataset_root,relative_path,detected_frames,filled_frames,mean_detection_confidence,pain_logit,pain_prob,pain_entropy,confidence_margin,temperature,pain_prob_calibrated
0,val,6,402,0,Healthy,healthy folder,Truro Cow Video Data,healthy cows after exercise/Nov 7/402.mov,240,0,0.9249715042610963,-0.15406924486160278,0.46155869987732756,0.6901887949484439,0.07688260024534488,1.0,0.46155869987732756
0,val,9,374,0,Healthy,healthy folder,Truro Cow Video Data,healthy cows before going out/Nov 10/374.mov,240,0,0.9354109381635983,-0.2443416267633438,0.43921670405775237,0.6857396537994311,0.12156659188449526,1.0,0.43921670405775237
0,val,38,402,0,Healthy,healthy folder,Truro Cow Video Data,healthy cows before going out/Oct 29/402.mov,220,20,0.8583921828053215,-0.18665902316570282,0.45347026332766227,0.688810876292161,0.09305947334467546,1.0,0.45347026332766227
0,val,41,374,0,Healthy,healthy folder,Truro Cow Video Data,healthy cows before going out/Nov 7/374.mov,240,0,0.9324015706777573,-0.2238648384809494,0.4442663559917126,0.6869217730819341,0.1114672880165748,1.0,0.4442663559917126
0,val,70,402,0,Healthy,healthy folder,Truro Cow Video Data,healthy cows before going out/Nov 10/402.mov,240,0,0.9385054714977741,-0.24566955864429474,0.4388896537229605,0.6856595246441697,0.12222069255407897,1.0,0.4388896537229605
0,val,73,374,0,Healthy,healthy folder,Truro Cow Video Data,healthy cows after exercise/Nov 7/374.mov,240,0,0.9254625787337621,-0.19834131002426147,0.45057658979015436,0.6882538468119235,0.09884682041969128,1.0,0.45057658979015436
0,val,99,402,0,Healthy,healthy folder,Truro Cow Video Data,healthy cows after exercise/Oct 29/402.mov,240,0,0.931898154815038,-0.09637954831123352,0.4759237470983724,0.6919874002195181,0.04815250580325525,1.0,0.4759237470983724
0,val,102,374,0,Healthy,healthy folder,Truro Cow Video Data,healthy cows before going out/Oct 29/374.mov,231,9,0.9165891452785179,-0.19481788575649261,0.45144899029906754,0.6884253428647393,0.09710201940186491,1.0,0.45144899029906754
0,val,128,402,0,Healthy,healthy folder,Truro Cow Video Data,healthy cows before going out/Sep 26/402.mov,240,0,0.9336460113525391,-0.23147542774677277,0.4423881547195059,0.6864941637758253,0.11522369056098825,1.0,0.4423881547195059
0,val,131,374,0,Healthy,healthy folder,Truro Cow Video Data,healthy cows before going out/Nov 5/374.mov,240,0,0.9113782299061616,-0.22011791169643402,0.4451916409820696,0.6871271782496261,0.10961671803586082,1.0,0.4451916409820696
0,val,155,402,0,Healthy,healthy folder,Truro Cow Video Data,healthy cows after exercise/Nov 5/402.mov,240,0,0.9358728763957819,-0.21813969314098358,0.4456803059621223,0.6872342588040985,0.10863938807575535,1.0,0.4456803059621223
0,val,157,374,0,Healthy,healthy folder,Truro Cow Video Data,healthy cows before going out/Nov 28/374.mov,240,0,0.9330345896383127,-0.2496705800294876,0.4379045822565058,0.6854155520876757,0.1241908354869884,1.0,0.4379045822565058
0,val,180,402,0,Healthy,healthy folder,Truro Cow Video Data,healthy cows before going out/Oct 1/402.mov,240,0,0.9178536708156267,0.09324830025434494,0.523295197720715,0.6920614550960709,0.046590395441429955,1.0,0.523295197720715
0,val,182,374,0,Healthy,healthy folder,Truro Cow Video Data,healthy cows after exercise/Nov 10/374.mov,235,5,0.8498713445156179,-0.08516460657119751,0.478721707775357,0.6922413755926891,0.042556584449286006,1.0,0.478721707775357
0,val,199,402,0,Healthy,healthy folder,Truro Cow Video Data,healthy cows before going out/Nov 5/402.mov,240,0,0.925056728720665,0.16166768968105316,0.5403291223459391,0.689890768063049,0.08065824469187821,1.0,0.5403291223459391
0,val,201,374,0,Healthy,healthy folder,Truro Cow Video Data,healthy cows after exercise/Oct 29/374.mov,240,0,0.9323522162934145,-0.2382369190454483,0.44072087995326037,0.6861025947467182,0.11855824009347926,1.0,0.44072087995326037
0,val,216,402,0,Healthy,healthy folder,Truro Cow Video Data,healthy cows before going out/Nov 7/402.mov,240,0,0.9178457371890545,-0.21722352504730225,0.4459066559619445,0.6872835310345617,0.10818668807611098,1.0,0.4459066559619445
0,val,218,374,0,Healthy,healthy folder,Truro Cow Video Data,healthy cows after exercise/Nov 5/374.mov,234,6,0.8959838995057293,-0.23094767332077026,0.44251834559866654,0.6865242654105135,0.11496330880266692,1.0,0.44251834559866654
0,val,232,402,0,Healthy,healthy folder,Truro Cow Video Data,healthy cows before going out/Sep 25/402.mov,240,0,0.9409855763117473,-0.08726736158132553,0.47819699474880306,0.6921961369510763,0.04360601050239388,1.0,0.47819699474880306
0,val,234,374,0,Healthy,healthy folder,Truro Cow Video Data,healthy cows after exercise/Nov 28/374.mov,240,0,0.9422747530043125,-0.23325012624263763,0.441950415412139,0.6863924494680541,0.11609916917572205,1.0,0.441950415412139
0,val,248,402,0,Healthy,healthy folder,Truro Cow Video Data,healthy cows after exercise/Nov 28/402.mov,240,0,0.9362019119163354,-0.18977610766887665,0.4526978533944436,0.6886654952337097,0.09460429321111286,1.0,0.4526978533944436
1,val,3,310,1,Unhealthy,possible mastitis,Yashan Dhaliwal RAC Data 2025,"28 Feb 2025/After Exercise/310/Video 2025-02-28, 9 59 51 AM.mov",240,0,0.9342046479384104,0.34535351395606995,0.5854903665174833,0.6784579080002758,0.17098073303496664,0.24758268892765045,0.8013736189598244
1,val,15,417,0,Healthy,healthy,Yashan Dhaliwal RAC Data 2025,"12 March 2025/After exercise/417/Video 2025-03-12, 8 10 02 AM.mov",240,0,0.9244140026470026,-0.11356332898139954,0.4716396406263558,0.6915376969276749,0.056720718747288346,0.24758268892765045,0.3872969972862444
1,val,35,310,1,Unhealthy,possible mastitis,Yashan Dhaliwal RAC Data 2025,"24 Feb 2025/Before Exercise/310/Video 2025-02-24, 8 58 07 AM.mov",240,0,0.9358627900481225,0.5054776072502136,0.6237457231319313,0.6622006002311611,0.24749144626386266,0.24758268892765045,0.8851013433740095
1,val,47,417,0,Healthy,healthy,Yashan Dhaliwal RAC Data 2025,"March 24 2025/After exercise/417/Video 2025-03-24, 7 58 46 AM.mov",240,0,0.921450388431549,-0.23659788072109222,0.44112491909690416,0.6861985206589658,0.11775016180619169,0.24758268892765045,0.27775364119607715
1,val,67,310,1,Unhealthy,possible mastitis,Yashan Dhaliwal RAC Data 2025,"17 March 2025/Before exercise/310/Video 2025-03-17, 7 06 35 AM.mov",240,0,0.9214439620574315,0.6698198318481445,0.661462815365812,0.6400604296920538,0.32292563073162395,0.24758268892765045,0.9373468178001796
1,val,78,417,1,Unhealthy,fresh cows,Truro Cow Video Data,unhealthy cows after exercise/Sep 8/417- fresh cows .mov,240,0,0.8719493227700392,-0.18375660479068756,0.45418968078945476,0.6889441179809626,0.09162063842109047,0.24758268892765045,0.32252260482013817
1,val,96,310,1,Unhealthy,possible mastitis,Yashan Dhaliwal RAC Data 2025,"27 Feb 2025/Before Exercise/310/Video 2025-02-27, 2 45 31 PM.mov",240,0,0.9483591350416343,0.005163154564797878,0.5012907857737023,0.6931438483004168,0.002581571547404682,0.24758268892765045,0.5052133768659718
1,val,107,417,0,Healthy,healthy,Yashan Dhaliwal RAC Data 2025,"20 Feb 2025/Before Exercise/417/Video 2025-02-20, 8 47 36 AM.mov",240,0,0.9251001996298631,-0.1578090786933899,0.46062940258001406,0.6900438811911387,0.07874119483997188,0.24758268892765045,0.3458346254479287
1,val,125,310,1,Unhealthy,possible mastitis,Yashan Dhaliwal RAC Data 2025,"19 Feb 2025/During Exercise/310/Video 2025-02-19, 9 27 32 AM.mov",240,0,0.9321006392439206,0.8300234079360962,0.6963598792860826,0.6139170921226011,0.3927197585721651,0.24758268892765045,0.9661869286270137
1,val,135,417,0,Healthy,healthy,Yashan Dhaliwal RAC Data 2025,"21 Feb 2025/During Exercise/417/Video 2025-02-21, 9 21 06 AM.mov",202,38,0.786683981961543,0.0857124775648117,0.5214150103185953,0.6922296945982134,0.04283002063719055,0.24758268892765045,0.5856951500991202
1,val,152,310,1,Unhealthy,possible mastitis,Yashan Dhaliwal RAC Data 2025,"19 Feb 2025/After Exercise/310/Video 2025-02-19, 10 04 02 AM.mov",240,0,0.9345259490112464,-0.01402353961020708,0.49649417255183037,0.6931225987063294,0.007011654896339259,0.24758268892765045,0.4858433241382436
1,val,161,417,0,Healthy,healthy,Yashan Dhaliwal RAC Data 2025,"27 Feb 2025/Before Exercise/417/Video 2025-02-27, 2 40 36 PM.mov",240,0,0.9373460392157237,0.03598212078213692,0.508994559768674,0.6929853676210834,0.017989119537348053,0.24758268892765045,0.5362696198584417
1,val,177,310,1,Unhealthy,possible mastitis,Yashan Dhaliwal RAC Data 2025,"March 19 2025/After exercise/310/Video 2025-03-19, 8 02 23 AM.mov",240,0,0.9346940619250138,0.23255665600299835,0.5578785469738754,0.6864322847075663,0.1157570939477508,0.24758268892765045,0.7189600640757606
1,val,186,417,0,Healthy,healthy,Yashan Dhaliwal RAC Data 2025,"6 March 2025/After Exercise/417/Video 2025-03-06, 7 46 03 AM.mov",240,0,0.9421360053122043,-0.15021276473999023,0.46251726197465654,0.6903346314588966,0.07496547605068693,0.24758268892765045,0.35280833014001345
1,val,196,310,1,Unhealthy,possible mastitis,Yashan Dhaliwal RAC Data 2025,"6 March 2025/After Exercise/310/Video 2025-03-06, 7 50 46 AM.mov",240,0,0.9333293343583743,-0.10577236860990524,0.4735815336193097,0.6917506596167324,0.05283693276138057,0.24758268892765045,0.39479027589242804
1,val,205,417,0,Healthy,healthy,Yashan Dhaliwal RAC Data 2025,"20 Feb 2025/After Exercise/417/Video 2025-02-20, 9 53 18 AM.mov",240,0,0.8949444778263569,-0.1130916178226471,0.47175719058444127,0.6915510185672997,0.05648561883111747,0.24758268892765045,0.3877492103950937
1,val,214,310,1,Unhealthy,possible mastitis,Yashan Dhaliwal RAC Data 2025,"17 March 2025/After exercise/310/Video 2025-03-17, 8 49 13 AM.mov",240,0,0.9345425792038441,-0.10024445503950119,0.4749598516638522,0.691892637788877,0.05008029667229563,0.24758268892765045,0.40013735512567783
1,val,222,417,0,Healthy,healthy,Yashan Dhaliwal RAC Data 2025,"24 Feb 2025/Before Exercise/417/Video 2025-02-24, 8 52 11 AM.mov",240,0,0.9256576471030712,-0.18803274631500244,0.4531298284872607,0.6887470972307899,0.09374034302547862,0.24758268892765045,0.3187603623006746
1,val,231,310,1,Unhealthy,possible mastitis,Yashan Dhaliwal RAC Data 2025,"March 19 2025/During exercise/310/Video 2025-03-19, 7 28 29 AM.mov",240,0,0.9384731647868951,0.8747466206550598,0.7057324102336426,0.6059287153843956,0.4114648204672853,0.24758268892765045,0.9716163945997347
1,val,238,417,1,Unhealthy,fresh cows,Truro Cow Video Data,unhealthy cows after exercise/Sep 4/417- fresh cows .mov,240,0,0.932065366456906,-0.2573992908000946,0.4360031272495165,0.6849334680087458,0.12799374550096698,0.24758268892765045,0.26121757262967404
1,val,247,310,1,Unhealthy,possible mastitis,Yashan Dhaliwal RAC Data 2025,"10 March 2025/After exercise/310/Video 2025-03-10, 7 35 13 AM.mov",240,0,0.9354673293729623,-0.14512023329734802,0.4637834790160718,0.6905216090947226,0.07243304196785638,0.24758268892765045,0.3575190436648076
2,val,23,436,0,Healthy,healthy,Yashan Dhaliwal RAC Data 2025,"27 Feb 2025/Before Exercise/436/Video 2025-02-27, 2 29 11 PM.mov",240,0,0.9348028359313806,-0.2609623968601227,0.4351271444657587,0.6847064301711034,0.12974571106848265,0.05000000074505806,0.005382272112860082
2,val,26,415,1,Unhealthy,lameness,Truro Cow Video Data,unhealthy cows after exercise/Sep 5/415 - lameness.mov,240,0,0.8978516126672427,-0.15235714614391327,0.4619842224329761,0.6902539906110061,0.0760315551340478,0.05000000074505806,0.04534098401761153
2,val,55,436,0,Healthy,healthy,Yashan Dhaliwal RAC Data 2025,20 Feb 2025/After Exercise/436 (1)/IMG_0548.MOV,240,0,0.9135668471455574,-0.22909419238567352,0.4429756402606291,0.6866294527402563,0.11404871947874184,0.05000000074505806,0.010131890573718771
2,val,58,415,1,Unhealthy,lameness,Truro Cow Video Data,unhealthy cows after exercise/Sep 4/415 - lameness.mov,240,0,0.9029717360933621,0.5580803751945496,0.636008259904842,0.6556803753346072,0.272016519809684,0.05000000074505806,0.9999857908089665
2,val,85,436,0,Healthy,healthy,Yashan Dhaliwal RAC Data 2025,"19 Feb 2025/Before Exercise/436/Video 2025-02-19, 8 37 16 AM.mov",240,0,0.9138724977771441,-0.3000011146068573,0.42555721071345304,0.6820224076824113,0.14888557857309392,0.05000000074505806,0.0024725683940002453
2,val,88,415,1,Unhealthy,lameness,Truro Cow Video Data,unhealthy cows after exercise/Sep 8/415 - lameness.mov,240,0,0.9057541300853094,1.1862239837646484,0.766065046633839,0.5439874478940662,0.532130093267678,0.05000000074505806,0.9999999999502733
2,val,114,436,0,Healthy,healthy,Yashan Dhaliwal RAC Data 2025,"6 March 2025/During Exercise/436/Video 2025-03-06, 7 15 03 AM.mov",234,6,0.8841857708926893,-0.16463525593280792,0.4589339013956448,0.689770529345087,0.08213219720871034,0.05000000074505806,0.035822297914583676
2,val,117,415,1,Unhealthy,lameness,Truro Cow Video Data,unhealthy cows before going out/Sep 5/415 - lameness.mov,240,0,0.9325070497890313,0.5695995688438416,0.6386707726161983,0.6541791523288306,0.2773415452323966,0.05000000074505806,0.9999887146201956
2,val,141,436,0,Healthy,healthy,Yashan Dhaliwal RAC Data 2025,"24 Feb 2025/After Exercise/436/Video 2025-02-24, 10 44 42 AM.mov",240,0,0.9282110606630644,-0.03332364186644554,0.4916698603799043,0.6930083916868621,0.016660279240191422,0.05000000074505806,0.33928708309263944
2,val,144,415,1,Unhealthy,lameness,Truro Cow Video Data,unhealthy cows before going out/Sep 8/415 - lameness.mov,240,0,0.9235168501734734,1.32352614402771,0.7897677667885576,0.5142641998006785,0.5795355335771153,0.05000000074505806,0.9999999999968086
2,val,167,436,0,Healthy,healthy,Yashan Dhaliwal RAC Data 2025,"17 March 2025/After exercise/436/Video 2025-03-17, 8 53 16 AM.mov",240,0,0.9435709595680237,-0.18514223396778107,0.4538462032138452,0.6888807637466255,0.09230759357230955,0.05000000074505806,0.024060135589451664
2,val,170,415,1,Unhealthy,lameness,Truro Cow Video Data,unhealthy cows before going out/Sep 4/415 - lameness.mov,240,0,0.9283979954818885,0.5051189064979553,0.6236615369939935,0.6622431393396908,0.24732307398798703,0.05000000074505806,0.99995901969451
2,val,190,436,0,Healthy,healthy,Yashan Dhaliwal RAC Data 2025,"7 March 2025/During Exercise/436/Video 2025-03-07, 7 14 06 AM.mov",240,0,0.9037060412267844,0.023639511317014694,0.505909602628273,0.6930773321272141,0.011819205256546006,0.05000000074505806,0.6160439509027611
2,val,209,436,0,Healthy,healthy,Yashan Dhaliwal RAC Data 2025,"17 March 2025/During Exercise/436/Video 2025-03-17, 8 24 39 AM.mov",240,0,0.9008327104151249,-0.28300565481185913,0.4297170542931072,0.6832350016743065,0.14056589141378562,0.05000000074505806,0.003470040246432299
2,val,226,436,0,Healthy,healthy,Yashan Dhaliwal RAC Data 2025,"27 Feb 2025/During Exercise/436/Video 2025-02-27, 3 11 14 PM.mov",238,2,0.852426141500473,-0.0055183665826916695,0.4986204118553027,0.6931433740282174,0.0027591762893945937,0.05000000074505806,0.4724361413121012
2,val,242,436,0,Healthy,healthy,Yashan Dhaliwal RAC Data 2025,"10 March 2025/After exercise/436/Video 2025-03-10, 7 41 37 AM.mov",240,0,0.9042684098084768,-0.09813029319047928,0.47548709424281244,0.6919449335860741,0.04902581151437513,0.05000000074505806,0.12318531309100973
3,val,21,349,1,Unhealthy,sudden fall,Cow 349 - Unhealthy (sudden fall),"Video 2025-03-28, 2 35 10 PM.mov",240,0,0.9362290667990844,0.26531296968460083,0.5659418860065055,0.6844251281898605,0.13188377201301105,1.3807709217071533,0.5478898537849676
3,val,24,439,0,Healthy,healthy folder,Truro Cow Video Data,healthy cows before going out/Sep 8/439.mov,240,0,0.8954004652798175,-0.18275873363018036,0.4544370657499173,0.6889894531703389,0.09112586850016535,1.3807709217071533,0.4669582436566973
3,val,53,349,1,Unhealthy,sudden fall,Cow 349 - Unhealthy (sudden fall),"Video 2025-03-28, 2 47 34 PM.mov",235,5,0.8500771225766933,1.3367605209350586,0.7919567055105384,0.5113526161400834,0.5839134110210769,1.3807709217071533,0.7247458544277199
3,val,56,439,0,Healthy,healthy folder,Truro Cow Video Data,healthy cows after exercise/Sep 5/439.mov,240,0,0.9179200741151968,0.6876866221427917,0.6654521068961494,0.6373527198857614,0.33090421379229884,1.3807709217071533,0.6219998858662943
3,val,84,349,1,Unhealthy,sudden fall,Cow 349 - Unhealthy (sudden fall),"Video 2025-03-28, 2 31 06 PM.mov",240,0,0.9012683374186357,0.9582099914550781,0.7227632724934214,0.5903245366705822,0.44552654498684285,1.3807709217071533,0.6668489103035591
3,val,86,439,0,Healthy,healthy folder,Truro Cow Video Data,healthy cows before going out/Sep 4/439.mov,240,0,0.8978958723445734,0.13988082110881805,0.534913295830529,0.6907073191540879,0.06982659166105809,1.3807709217071533,0.525304941760153
3,val,113,349,1,Unhealthy,sudden fall,Cow 349 - Unhealthy (sudden fall),"Video 2025-03-28, 2 39 08 PM.mov",240,0,0.8926929208139579,1.1337682008743286,0.7565336366326612,0.5550427040173282,0.5130672732653223,1.3807709217071533,0.6944724323206498
3,val,115,439,0,Healthy,healthy folder,Truro Cow Video Data,healthy cows before going out/Sep 5/439.mov,240,0,0.9337034339706103,0.8791754245758057,0.7066513196708606,0.6051228682440348,0.4133026393417212,1.3807709217071533,0.6540134329077661
3,val,142,439,0,Healthy,healthy folder,Truro Cow Video Data,healthy cows after exercise/Sep 8/439.mov,240,0,0.9272120421131452,-0.07572068274021149,0.4810788690019025,0.6924309911713704,0.037842261996195004,1.3807709217071533,0.4862935787126303
3,val,168,439,0,Healthy,healthy folder,Truro Cow Video Data,healthy cows after exercise/Sep 4/439.mov,239,1,0.9092682642417972,0.3585250675678253,0.5886833476773754,0.6773341805157819,0.1773666953547508,1.3807709217071533,0.5645516582239456
4,val,10,421,1,Unhealthy,lameness/stiffness,Yashan Dhaliwal RAC Data 2025,"7 March 2025/After Exercise/421/Video 2025-03-07, 7 25 57 AM.mov",240,0,0.9247473751505216,0.8986871242523193,0.7106796315531924,0.6015420291642783,0.4213592631063847,0.29323095083236694,0.9554161708314315
4,val,13,428,0,Healthy,healthy folder,Truro Cow Video Data,healthy cows before going out/Nov 5/428.mov,228,12,0.809245539600389,-0.1978471726179123,0.45069892011046175,0.6882780797436695,0.09860215977907649,0.29323095083236694,0.33744199183932044
4,val,42,421,1,Unhealthy,lameness/stiffness,Yashan Dhaliwal RAC Data 2025,"March 24 2025/After exercise/421/Video 2025-03-24, 7 53 24 AM.mov",240,0,0.9310943168898423,-0.1792314201593399,0.45531171114352076,0.689147759598765,0.08937657771295848,0.29323095083236694,0.3517787735142438
4,val,45,428,0,Healthy,healthy folder,Truro Cow Video Data,healthy cows after exercise/Nov 5/428.mov,240,0,0.9216979759434859,-0.20281986892223358,0.44946813692665033,0.6880315128683488,0.10106372614669934,0.29323095083236694,0.33366105687611963
4,val,74,421,1,Unhealthy,lameness/stiffness,Yashan Dhaliwal RAC Data 2025,"March 24 2025/During exercise/421/Video 2025-03-24, 7 21 47 AM.mov",240,0,0.9105600071450074,1.125221610069275,0.7549559864805647,0.5568246469148015,0.5099119729611294,0.29323095083236694,0.9789034213010883
4,val,103,421,1,Unhealthy,lameness/stiffness,Yashan Dhaliwal RAC Data 2025,"28 Feb 2025/After Exercise/421/Video 2025-02-28, 9 52 07 AM.mov",240,0,0.9399936330815156,0.11072611808776855,0.5276532822271192,0.6916169918722213,0.055306564454238316,0.29323095083236694,0.593295859112192
4,val,132,421,1,Unhealthy,lameness/stiffness,Yashan Dhaliwal RAC Data 2025,"7 March 2025/Before Exercise/421/Video 2025-03-07, 6 17 24 AM.mov",240,0,0.9428104480107625,0.00613340362906456,0.5015333461004029,0.6931424782520474,0.0030666922008057984,0.29323095083236694,0.5052289671374854
4,val,158,421,1,Unhealthy,lameness/stiffness,Yashan Dhaliwal RAC Data 2025,"19 Feb 2025/During Exercise/421/Video 2025-02-19, 9 32 19 AM.mov",236,4,0.887193664150723,0.7726442813873291,0.6840926271172753,0.6237459758718484,0.3681852542345505,0.29323095083236694,0.9330763285889864
4,val,183,421,1,Unhealthy,lameness/stiffness,Yashan Dhaliwal RAC Data 2025,"20 Feb 2025/Before Exercise/421/Video 2025-02-20, 8 37 01 AM.mov",240,0,0.9422114344934622,-0.01698531024158001,0.4957537745257219,0.693111119264914,0.008492450948556218,0.29323095083236694,0.48552287659620813
4,val,202,421,1,Unhealthy,lameness/stiffness,Yashan Dhaliwal RAC Data 2025,"10 March 2025/After exercise/421/Video 2025-03-10, 7 20 34 AM.mov",240,0,0.9284285046160221,-0.19364847242832184,0.45173860349950995,0.6884815953541732,0.0965227930009801,0.29323095083236694,0.34065071837727195
4,val,219,421,1,Unhealthy,lameness/stiffness,Yashan Dhaliwal RAC Data 2025,"26 March 2025/After exercise/421/Video 2025-03-26, 8 29 55 AM.mov",240,0,0.8558583483099937,0.94045090675354,0.7191907294805553,0.5937160190363377,0.4383814589611106,0.29323095083236694,0.9611044053902804
4,val,235,421,1,Unhealthy,lameness/stiffness,Yashan Dhaliwal RAC Data 2025,"6 March 2025/After Exercise/421/Video 2025-03-06, 7 41 38 AM.mov",240,0,0.9421610308190187,-0.16744618117809296,0.45823599151927263,0.6896546479257905,0.08352801696145473,0.29323095083236694,0.3609972161065175
4,val,250,421,1,Unhealthy,lameness/stiffness,Yashan Dhaliwal RAC Data 2025,"20 Feb 2025/During Exercise/421/Video 2025-02-20, 9 26 43 AM.mov",240,0,0.9105410858988762,0.05212579667568207,0.5130284993259757,0.692807658543765,0.026056998651951435,0.29323095083236694,0.544324247413565
5,val,4,406,0,Healthy,healthy folder,Truro Cow Video Data,healthy cows before going out/Sep 8/406.mov,240,0,0.911056953171889,-0.3415433466434479,0.4154346284932958,0.6787755958944635,0.16913074301340836,10.0,0.49146224627180535
5,val,12,438,1,Unhealthy,possible metritis,Yashan Dhaliwal RAC Data 2025,"20 Feb 2025/Before Exercise/438/Video 2025-02-20, 8 57 35 AM.mov",240,0,0.933679478118817,-0.4845239520072937,0.381184430408841,0.6646409863226949,0.23763113918231804,10.0,0.48788927040443864
5,val,36,406,0,Healthy,healthy folder,Truro Cow Video Data,healthy cows after exercise/Sep 5/406.mov,109,131,0.9147433665914273,-0.4718949794769287,0.3841678255613774,0.666067664820379,0.23166434887724519,10.0,0.48820481427302725
5,val,44,438,1,Unhealthy,possible metritis,Yashan Dhaliwal RAC Data 2025,"20 Feb 2025/During Exercise/438/Video 2025-02-20, 9 16 25 AM.mov",142,98,0.7666452296183143,-0.4974961280822754,0.37812926816397313,0.6631408812982473,0.24374146367205374,10.0,0.4875651614024581
5,val,68,406,0,Healthy,healthy folder,Truro Cow Video Data,healthy cows after exercise/Nov 28/406.mov,240,0,0.907888301461935,-0.420817494392395,0.3963211474655168,0.6714917958034846,0.20735770506896645,10.0,0.4894811148957357
5,val,76,438,1,Unhealthy,possible metritis,Yashan Dhaliwal RAC Data 2025,"19 Feb 2025/During Exercise/438/Video 2025-02-19, 9 29 42 AM.mov",227,13,0.7865674976210237,-0.24512732028961182,0.4390231927580924,0.6856922949145994,0.12195361448381525,10.0,0.49387212382982515
5,val,97,406,0,Healthy,healthy folder,Truro Cow Video Data,healthy cows after exercise/Sep 4/406.mov,239,1,0.8010908008619333,-0.35543498396873474,0.4120650750316388,0.6776013523685492,0.1758698499367224,10.0,0.4911150607728866
5,val,105,438,1,Unhealthy,possible metritis,Yashan Dhaliwal RAC Data 2025,"6 March 2025/During Exercise/438/Video 2025-03-06, 7 01 07 AM.mov",240,0,0.9386081740260124,-0.7033594846725464,0.3310678081476029,0.6349322643915499,0.3378643837047942,10.0,0.4824232585107997
5,val,126,406,0,Healthy,healthy folder,Truro Cow Video Data,healthy cows after exercise/Sep 8/406.mov,240,0,0.9387013539671898,-0.44673389196395874,0.39013759252359503,0.6688095938812093,0.21972481495280993,10.0,0.488833509730409
5,val,134,438,1,Unhealthy,possible metritis,Yashan Dhaliwal RAC Data 2025,"7 March 2025/After Exercise/438/Video 2025-03-07, 7 57 09 AM.mov",240,0,0.9332467970748742,-0.4048900604248047,0.40013801937697524,0.673067589366241,0.19972396124604952,10.0,0.4898791310969123
5,val,153,406,0,Healthy,healthy folder,Truro Cow Video Data,healthy cows before going out/Nov 28/406.mov,167,73,0.8631549852336952,-0.4169103503227234,0.39725631203622774,0.671883502258048,0.2054873759275445,10.0,0.4895787506661517
5,val,160,438,1,Unhealthy,possible metritis,Yashan Dhaliwal RAC Data 2025,"March 24 2025/Before exercise/438/Video 2025-03-24, 7 04 54 AM.mov",240,0,0.9293987601995468,-0.4569472074508667,0.3877102804900189,0.6677128405650222,0.22457943901996225,10.0,0.48857830712627304
5,val,178,406,0,Healthy,healthy folder,Truro Cow Video Data,healthy cows before going out/Sep 5/406.mov,240,0,0.9335280261933804,-0.5811810493469238,0.3586608795271788,0.6526438191823336,0.2826782409456424,10.0,0.48547456210090445
5,val,185,438,1,Unhealthy,possible metritis,Yashan Dhaliwal RAC Data 2025,"March 24 2025/During exercise/438/Video 2025-03-24, 7 29 33 AM.mov",240,0,0.9302744997044404,-0.006251429207623005,0.4984371477878275,0.6931422955379166,0.0031257044243450105,10.0,0.49984371427489915
5,val,197,406,0,Healthy,healthy folder,Truro Cow Video Data,healthy cows before going out/Sep 4/406.mov,240,0,0.8745156760017078,-0.271578311920166,0.43251966286614796,0.6840121383625977,0.13496067426770408,10.0,0.4932109594670229
5,val,204,438,1,Unhealthy,possible metritis,Yashan Dhaliwal RAC Data 2025,"7 March 2025/Before Exercise/438/Video 2025-03-07, 6 25 22 AM.mov",240,0,0.9214619271457195,-0.6245777010917664,0.34874104204165485,0.6466638093014727,0.3025179159166903,10.0,0.4843906314533225
5,val,221,438,1,Unhealthy,possible metritis,Yashan Dhaliwal RAC Data 2025,"19 Feb 2025/After Exercise/438/Video 2025-02-19, 10 00 34 AM.mov",240,0,0.8976600249608357,-0.22468826174736023,0.44406306726552447,0.6868761801890303,0.11187386546895106,10.0,0.4943830297640802
5,val,237,438,1,Unhealthy,possible metritis,Yashan Dhaliwal RAC Data 2025,"27 Feb 2025/Before Exercise/438/Video 2025-02-27, 2 42 51 PM.mov",240,0,0.9318277048567931,-0.31415748596191406,0.42210026944036044,0.6809608613702012,0.15579946111927911,10.0,0.49214670874032757
6,val,5,387,0,Healthy,healthy folder,Truro Cow Video Data,healthy cows before going out/Sep 29/387.mov,240,0,0.873274622609218,0.26406899094581604,0.5656362755248671,0.6845060205226543,0.13127255104973412,0.32210773229599,0.6941972267649426
6,val,28,255,1,Unhealthy,lameness,Truro Cow Video Data,unhealthy cows before going out/oct 29/255-lameness.mov,228,12,0.9114086829256594,0.4790683686733246,0.6175278594786439,0.6652613993556817,0.23505571895728772,0.32210773229599,0.8156715224690319
6,val,37,387,0,Healthy,healthy folder,Truro Cow Video Data,healthy cows before going out/Sep 26/387.mov,240,0,0.9284285965065161,0.011171921156346798,0.5027929512397026,0.6931315793255576,0.005585902479405158,0.32210773229599,0.5086700816352707
6,val,60,255,1,Unhealthy,lame,Yashan Dhaliwal RAC Data 2025,"10 March 2025/During exercise/255/Video 2025-03-10, 6 58 02 AM.mov",240,0,0.9107565005620321,1.293777346611023,0.7847858580239397,0.52078357229947,0.5695717160478795,0.32210773229599,0.9823046261214025
6,val,69,387,0,Healthy,healthy folder,Truro Cow Video Data,healthy cows before going out/Oct 1/387.mov,240,0,0.911483658105135,0.10809122025966644,0.5269965252133583,0.6916888467623019,0.05399305042671654,0.32210773229599,0.5831151768067836
6,val,90,255,1,Unhealthy,lameness,Truro Cow Video Data,unhealthy cows before going out/Nov 10/255- lameness.mov,240,0,0.922835485637188,0.12328269332647324,0.5307816965882977,0.6912509560110173,0.061563393176595316,0.32210773229599,0.5945331734857014
6,val,98,387,0,Healthy,healthy folder,Truro Cow Video Data,healthy cows after exercise/Sep 29/387.mov,240,0,0.9007205563286941,-0.20906080305576324,0.44792433130095455,0.687713581533242,0.1041513373980909,0.32210773229599,0.3432059033884568
6,val,119,255,1,Unhealthy,lame,Yashan Dhaliwal RAC Data 2025,"6 March 2025/After Exercise/255/Video 2025-03-06, 7 36 58 AM.mov",240,0,0.9342030165096123,0.4224088490009308,0.6040595223444439,0.6713313004142265,0.20811904468888787,0.32210773229599,0.7877456549993674
6,val,127,387,0,Healthy,healthy folder,Truro Cow Video Data,healthy cows after exercise/Sep 26/387.mov,240,0,0.8927430885533492,0.5116193294525146,0.6251860063062314,0.6614681475558886,0.2503720126124629,0.32210773229599,0.8303836199646152
6,val,146,255,1,Unhealthy,lame,Yashan Dhaliwal RAC Data 2025,"7 March 2025/Before Exercise/255/Video 2025-03-07, 6 15 14 AM.mov",240,0,0.9405695259571075,0.309540718793869,0.5767731518426032,0.6813121836223599,0.1535463036852065,0.32210773229599,0.7233189874088563
6,val,154,387,0,Healthy,healthy folder,Truro Cow Video Data,healthy cows before going out/Oct 6/387.mov,240,0,0.9176990941166878,0.3176057040691376,0.5787406333174302,0.6806952357963315,0.1574812666348604,0.32210773229599,0.7283017190379492
6,val,172,255,1,Unhealthy,lame,Yashan Dhaliwal RAC Data 2025,"24 Feb 2025/After Exercise/255/Video 2025-02-24, 10 23 45 AM.mov",240,0,0.9304577060043812,0.391908198595047,0.5967419747406522,0.6743105883790941,0.19348394948130432,0.32210773229599,0.7714821365286911
6,val,179,387,0,Healthy,healthy folder,Truro Cow Video Data,healthy cows after exercise/Oct 6/387.mov,240,0,0.9339507547517617,-0.1377953588962555,0.4656055652634145,0.6907793568243144,0.06878886947317098,0.32210773229599,0.3946535207995333
6,val,193,255,1,Unhealthy,lame,Yashan Dhaliwal RAC Data 2025,"6 March 2025/During Exercise/255/Video 2025-03-06, 6 50 27 AM.mov",240,0,0.9254020775357882,1.1542083024978638,0.7602787409129306,0.5507584161077851,0.5205574818258611,0.32210773229599,0.97296718772178
6,val,198,387,0,Healthy,healthy folder,Truro Cow Video Data,healthy cows after exercise/Oct 1/387.mov,240,0,0.9315506761272748,-0.018885686993598938,0.4952787185787278,0.6931025989009156,0.00944256284254441,0.32210773229599,0.48534630129833467
6,val,212,255,1,Unhealthy,lame,Yashan Dhaliwal RAC Data 2025,"27 Feb 2025/During Exercise/255/Video 2025-02-27, 3 06 39 PM.mov",240,0,0.9000558401147525,0.5904778242111206,0.6434747732442612,0.6513926953031162,0.28694954648852233,0.32210773229599,0.8621387808071376
6,val,215,387,0,Healthy,healthy folder,Truro Cow Video Data,healthy cows before going out/Sep 25/387.mov,240,0,0.9328289069235325,-0.25326162576675415,0.4370208653307207,0.6851933273550632,0.12595826933855858,0.32210773229599,0.3129714823687545
6,val,229,255,1,Unhealthy,lame,Yashan Dhaliwal RAC Data 2025,"26 March 2025/255/Video 2025-03-26, 8 36 20 AM.mov",240,0,0.9301489410301049,0.4677273631095886,0.6148457128610058,0.6665311151602278,0.2296914257220115,0.32210773229599,0.8103188985729807
6,val,245,255,1,Unhealthy,lame,Yashan Dhaliwal RAC Data 2025,"28 Feb 2025/After Exercise/255/Video 2025-02-28, 9 47 37 AM.mov",240,0,0.9172798715531826,0.7278357148170471,0.674330155531544,0.631069587045493,0.3486603110630879,0.32210773229599,0.9054756884731597
7,val,11,433,1,Unhealthy,possible mastitis,Yashan Dhaliwal RAC Data 2025,"March 24 2025/Before exercise/433/Video 2025-03-24, 7 12 23 AM.mov",232,8,0.9055813211819221,0.33247438073158264,0.5823613097094928,0.6795183817345878,0.1647226194189857,0.28175652027130127,0.764948880199213
7,val,19,432,0,Healthy,healthy folder,Truro Cow Video Data,healthy cows after exercise/Sep 4/432.mov,240,0,0.9074539872507255,-0.09542704373598099,0.4761613265380979,0.6920101848699944,0.04767734692380421,0.28175652027130127,0.41612865129152954
7,val,43,433,1,Unhealthy,possible mastitis,Yashan Dhaliwal RAC Data 2025,"17 March 2025/After exercise/433/Video 2025-03-17, 8 47 40 AM.mov",240,0,0.9380414597690105,-0.24243012070655823,0.4396875728701038,0.6858542565993777,0.12062485425979241,0.28175652027130127,0.29725073155241255
7,val,51,432,0,Healthy,healthy folder,Truro Cow Video Data,healthy cows after exercise/Sep 8/432.mov,240,0,0.9269799560308456,-0.09550920873880386,0.4761408320204675,0.6920082282967988,0.04771833595906505,0.28175652027130127,0.4160578001164238
7,val,75,433,1,Unhealthy,possible mastitis,Yashan Dhaliwal RAC Data 2025,"27 Feb 2025/After Exercise/433/Video 2025-02-27, 3 51 28 PM.mov",240,0,0.938522698233525,-0.22416262328624725,0.4441928360019137,0.6869053035947854,0.11161432799617255,0.28175652027130127,0.3109696855812302
7,val,82,432,0,Healthy,healthy folder,Truro Cow Video Data,healthy cows before going out/Sep 5/432.mov,240,0,0.9382756993174552,-0.3047274053096771,0.4244022383728412,0.6816731856479519,0.15119552325431762,0.28175652027130127,0.2532170735222915
7,val,104,433,1,Unhealthy,possible mastitis,Yashan Dhaliwal RAC Data 2025,"21 Feb 2025/Before Exercise/433/Video 2025-02-21, 8 45 57 AM.mov",240,0,0.9260673398772875,0.7953733205795288,0.6889839206497457,0.6199112372554694,0.37796784129949135,0.28175652027130127,0.943901358862622
7,val,111,432,0,Healthy,healthy folder,Truro Cow Video Data,healthy cows before going out/Sep 4/432.mov,240,0,0.9305532145003478,-0.2264123409986496,0.44363748314262585,0.6867801895736894,0.11272503371474829,0.28175652027130127,0.30926142888735964
7,val,133,433,1,Unhealthy,possible mastitis,Yashan Dhaliwal RAC Data 2025,"7 March 2025/After Exercise/433/Video 2025-03-07, 7 50 08 AM.mov",240,0,0.9389747234682242,-0.24758583307266235,0.4384177967945248,0.6855431516748506,0.12316440641095039,0.28175652027130127,0.2934425493838041
7,val,139,432,0,Healthy,healthy folder,Truro Cow Video Data,healthy cows after exercise/Sep 5/432.mov,240,0,0.9230889822045962,0.0390748530626297,0.5097674705135207,0.6929563614618621,0.01953494102704134,0.28175652027130127,0.5346153001718761
7,val,159,433,1,Unhealthy,possible mastitis,Yashan Dhaliwal RAC Data 2025,"19 Feb 2025/Before Exercise/433/Video 2025-02-19, 8 48 28 AM.mov",240,0,0.9359229035675526,-0.061449505388736725,0.48464245590930144,0.6926753980413665,0.03071508818139712,0.28175652027130127,0.4456915077720549
7,val,165,432,0,Healthy,healthy folder,Truro Cow Video Data,healthy cows before going out/Sep 8/432.mov,240,0,0.9067770875990391,-0.21645988523960114,0.4460953392200917,0.6873244454330001,0.1078093215598166,0.28175652027130127,0.3168574510194142
7,val,184,433,1,Unhealthy,possible mastitis,Yashan Dhaliwal RAC Data 2025,"March 19 2025/During exercise/433/Video 2025-03-19, 7 37 49 AM.mov",240,0,0.9192602768540382,0.3277660012245178,0.5812157114520132,0.6798965665039395,0.16243142290402646,0.28175652027130127,0.7619309500420747
7,val,203,433,1,Unhealthy,possible mastitis,Yashan Dhaliwal RAC Data 2025,"19 Feb 2025/During Exercise/433/Video 2025-02-19, 9 20 37 AM.mov",240,0,0.9084170666833719,0.26193127036094666,0.5651109814318458,0.6846441729115953,0.1302219628636916,0.28175652027130127,0.7170016234277063
7,val,220,433,1,Unhealthy,possible mastitis,Yashan Dhaliwal RAC Data 2025,"20 Feb 2025/After Exercise/433/Video 2025-02-20, 9 48 55 AM.mov",240,0,0.8899568190177282,0.05411582440137863,0.5135256554126489,0.6927812492138335,0.02705131082529788,0.28175652027130127,0.5478694137846081
7,val,236,433,1,Unhealthy,possible mastitis,Yashan Dhaliwal RAC Data 2025,"24 Feb 2025/After Exercise/433/Video 2025-02-24, 10 37 28 AM.mov",240,0,0.9406838089227676,-0.06876952946186066,0.4828143900186455,0.6925563738190458,0.034371219962708977,0.28175652027130127,0.43928254564797753
8,val,16,427,1,Unhealthy,lameness,Truro Cow Video Data,unhealthy cows before going out/Sep 8/427- lameness.mov,240,0,0.9299181406696637,-0.6226509809494019,0.3491787675548876,0.6469367811680498,0.30164246489022484,1.0000276565551758,0.34918268083935383
8,val,17,378,0,Healthy,healthy,Yashan Dhaliwal RAC Data 2025,"12 March 2025/After exercise/378/Video 2025-03-12, 8 08 18 AM.mov",240,0,0.922410644342502,-0.7948898673057556,0.31111968563656595,0.6199936178862843,0.3777606287268681,1.0000276565551758,0.3111243972115108
8,val,48,427,1,Unhealthy,lameness,Truro Cow Video Data,unhealthy cows after exercise/Sep 4/427- lameness.mov,240,0,0.9348571506639322,-0.4793328046798706,0.38240968606215786,0.6652314711422789,0.23518062787568428,1.0000276565551758,0.3824128168472926
8,val,49,378,0,Healthy,healthy,Yashan Dhaliwal RAC Data 2025,"7 March 2025/Before Exercise/378/Video 2025-03-07, 6 21 02 AM.mov",240,0,0.9378780769805114,-0.6288372874259949,0.34777422607591946,0.646057898933821,0.3044515478481611,1.0000276565551758,0.347778170838398
8,val,79,427,1,Unhealthy,lameness,Truro Cow Video Data,unhealthy cows after exercise/Sep 8/427- lameness.mov,240,0,0.9333582714200019,-0.7263932824134827,0.3259866952218431,0.6312999738030409,0.3480266095563138,1.0000276565551758,0.32599110917536417
8,val,80,378,0,Healthy,healthy,Yashan Dhaliwal RAC Data 2025,"20 Feb 2025/During Exercise/378/Video 2025-02-20, 9 29 50 AM.mov",240,0,0.8809574571748574,-0.47950923442840576,0.38236801906873363,0.6652114951098351,0.23526396186253273,1.0000276565551758,0.3823711508762579
8,val,108,427,1,Unhealthy,lameness,Truro Cow Video Data,unhealthy cows after exercise/Sep 5/427- lameness.mov,240,0,0.9237723007798195,-0.5252231359481812,0.371631703153019,0.6598183930147383,0.25673659369396196,1.0000276565551758,0.3716350951679321
8,val,109,378,0,Healthy,healthy,Yashan Dhaliwal RAC Data 2025,"6 March 2025/During Exercise/378/Video 2025-03-06, 7 10 01 AM.mov",240,0,0.9053575110932192,-0.6676220297813416,0.3390295124327917,0.6403896595319036,0.32194097513441655,1.0000276565551758,0.33903364992888735
8,val,136,427,1,Unhealthy,lameness,Truro Cow Video Data,unhealthy cows before going out/Sep 4/427-lameness.mov,240,0,0.9374050877988338,-0.6636677384376526,0.33991618689138187,0.6409798694781987,0.32016762621723627,1.0000276565551758,0.3399203051060923
8,val,137,378,0,Healthy,healthy,Yashan Dhaliwal RAC Data 2025,"10 March 2025/During exercise/378/Video 2025-03-10, 7 01 58 AM.mov",240,0,0.9362057482202848,-0.8499530553817749,0.2994427053237604,0.6103913677362409,0.40111458935247923,1.0000276565551758,0.299447636385701
8,val,162,427,1,Unhealthy,lameness,Truro Cow Video Data,unhealthy cows before going out/Sep 5/427- lameness.mov,240,0,0.9439546080927054,-0.3275170624256134,0.4188448824741993,0.6799164195906922,0.16231023505160136,1.0000276565551758,0.41884708725593706
8,val,163,378,0,Healthy,healthy,Yashan Dhaliwal RAC Data 2025,"21 Feb 2025/After Exercise/378/Video 2025-02-21, 10 06 18 AM.mov",240,0,0.941632175942262,-0.6985485553741455,0.3321341103101668,0.635679692486288,0.33573177937966636,1.0000276565551758,0.33213839566535713
8,val,187,378,0,Healthy,healthy,Yashan Dhaliwal RAC Data 2025,"24 Feb 2025/After Exercise/378/Video 2025-02-24, 10 28 03 AM.mov",240,0,0.9413431753714879,-0.40172117948532104,0.40089887835315713,0.6733744479406487,0.19820224329368574,1.0000276565551758,0.4009015467244201
8,val,206,378,0,Healthy,healthy,Yashan Dhaliwal RAC Data 2025,"March 24 2025/After exercise/378/Video 2025-03-24, 7 55 45 AM.mov",240,0,0.9133493587374687,-0.343393474817276,0.4149853976886017,0.6786217485564592,0.17002920462279658,1.0000276565551758,0.4149877032568602
8,val,223,378,0,Healthy,healthy,Yashan Dhaliwal RAC Data 2025,"19 Feb 2025/After Exercise/378/Video 2025-02-19, 9 46 39 AM.mov",240,0,0.9310373286406199,-0.648383378982544,0.3433539315917058,0.643235096668718,0.3132921368165884,1.0000276565551758,0.34335797448742944
8,val,239,378,0,Healthy,healthy,Yashan Dhaliwal RAC Data 2025,"March 19 2025/Before Exercise/378/Video 2025-03-19, 7 05 02 AM.mov",240,0,0.9228876727322738,-0.830971360206604,0.30343972035114297,0.6137506601514464,0.39312055929771406,1.0000276565551758,0.3034445777663332
9,val,1,394,1,Unhealthy,lameness,Truro Cow Video Data,unhealthy cows before going out/Sep 29/394-lameness.mov,240,0,0.9084200409551462,-0.7566962838172913,0.3193639681031938,0.6263891047949428,0.36127206379361243,10.0,0.48109161432590253
9,val,25,370,0,Healthy,healthy,Yashan Dhaliwal RAC Data 2025,"10 March 2025/Before exercise/370/Video 2025-03-10, 6 25 31 AM.mov",240,0,0.9255412615835666,-0.8399710059165955,0.30154089052167937,0.6121642476100073,0.39691821895664126,10.0,0.4790130628684599
9,val,33,394,1,Unhealthy,lameness,Truro Cow Video Data,unhealthy cows before going out/Sep 26/394-lameness.mov,240,0,0.9465217828750611,-0.7389397621154785,0.3232360320890698,0.6292846676687025,0.3535279358218604,10.0,0.48153490729173015
9,val,57,370,0,Healthy,healthy,Yashan Dhaliwal RAC Data 2025,"27 Feb 2025/During Exercise/370/Video 2025-02-27, 3 22 44 PM.mov",199,41,0.8366024155712607,-0.8231000900268555,0.3051059933655077,0.6151287240944014,0.3897880132689846,10.0,0.4794341074916426
9,val,65,394,1,Unhealthy,lameness,Truro Cow Video Data,unhealthy cows after exercise/Sep 26/394-lameness.mov,217,23,0.9038919064855795,-0.6932617425918579,0.33330787559012903,0.6364965208736513,0.33338424881974194,10.0,0.48267539455493635
9,val,87,370,0,Healthy,healthy,Yashan Dhaliwal RAC Data 2025,"7 March 2025/After Exercise/370/Video 2025-03-07, 7 32 51 AM.mov",240,0,0.9097090857724349,-0.6958357691764832,0.3327361371585343,0.636099420762718,0.33452772568293143,10.0,0.48261112143463203
9,val,94,394,1,Unhealthy,lameness,Truro Cow Video Data,unhealthy cows after exercise/Nov 10/394-lameness.mov,240,0,0.9205281955500444,-0.8812142610549927,0.29292621738993024,0.604751018604208,0.4141475652201395,10.0,0.4779838885965394
9,val,116,370,0,Healthy,healthy,Yashan Dhaliwal RAC Data 2025,"March 19 2025/During exercise/370/Video 2025-03-19, 7 25 11 AM.mov",240,0,0.9330222343405088,0.4855138063430786,0.6190490317867098,0.6645277527548135,0.23809806357341956,10.0,0.5121354614061168
9,val,123,394,1,Unhealthy,lameness,Truro Cow Video Data,unhealthy cows after exercise/Nov 5/394-lameness.mov,240,0,0.9372839137911797,-0.9003387689590454,0.288980885225163,0.6012366596437977,0.42203822954967396,10.0,0.47750672311771497
9,val,143,370,0,Healthy,healthy,Yashan Dhaliwal RAC Data 2025,"10 March 2025/After exercise/370/Video 2025-03-10, 7 43 41 AM.mov",240,0,0.9178075117369493,-0.6991079449653625,0.33201003758152203,0.635592986959522,0.33597992483695593,10.0,0.48252941644732905
9,val,150,394,1,Unhealthy,lameness,Truro Cow Video Data,unhealthy cows before going out/Nov 28/394-lameness.mov,240,0,0.9354369682570298,-0.9125878810882568,0.2864705687704431,0.5989611631689483,0.42705886245911384,10.0,0.4772011235134288
9,val,169,370,0,Healthy,healthy,Yashan Dhaliwal RAC Data 2025,"7 March 2025/During Exercise/370/Video 2025-03-07, 7 05 16 AM.mov",240,0,0.9326459353168806,0.8523158431053162,0.7010527176580358,0.6099696962620527,0.40210543531607157,10.0,0.5212950063104255
9,val,175,394,1,Unhealthy,lameness,Truro Cow Video Data,unhealthy cows after exercise/Oct 1/394-lameness.mov,206,34,0.9018281926807848,-0.5347491502761841,0.36940990693131154,0.6586408761552893,0.2611801861373769,10.0,0.48663445606316114
9,val,191,370,0,Healthy,healthy,Yashan Dhaliwal RAC Data 2025,"28 Feb 2025/After Exercise/370/Video 2025-02-28, 9 45 01 AM.mov",240,0,0.9388760546843211,-0.9017026424407959,0.2887007295412804,0.6009842335901403,0.4225985409174392,10.0,0.4774726953899527
9,val,194,394,1,Unhealthy,lameness,Truro Cow Video Data,unhealthy cows before going out/Oct 6/394-lameness.mov,240,0,0.9326468085249265,-0.8411672115325928,0.30128901271906106,0.6119525269218816,0.3974219745618779,10.0,0.47898321049009845
9,val,210,370,0,Healthy,healthy,Yashan Dhaliwal RAC Data 2025,"10 March 2025/During exercise/370/Video 2025-03-10, 7 00 12 AM.mov",240,0,0.9229916309316953,-0.8501174449920654,0.29940822133903555,0.610362055133689,0.4011835573219289,10.0,0.4787598542066512
9,val,213,394,1,Unhealthy,lameness,Truro Cow Video Data,unhealthy cows before going out/oct 29/394-lameness.mov,235,5,0.9111202278035753,-0.946972668170929,0.2794940502082964,0.5924748321753462,0.44101189958340725,10.0,0.47634335920720344
9,val,227,370,0,Healthy,healthy,Yashan Dhaliwal RAC Data 2025,"12 March 2025/After exercise/370/Video 2025-03-12, 8 04 58 AM.mov",240,0,0.9282731565336386,-0.8878645300865173,0.2915507099608225,0.6035343302007343,0.416898580078355,10.0,0.4778179566509596
9,val,230,394,1,Unhealthy,lameness,Truro Cow Video Data,unhealthy cows after exercise/Sep 29/394-lameness.mov,240,0,0.9172777165969213,-0.5416176319122314,0.3678113601549005,0.6577805664817535,0.264377279690199,10.0,0.48646286830121904
9,val,243,370,0,Healthy,healthy,Yashan Dhaliwal RAC Data 2025,"17 March 2025/Before exercise/370/Video 2025-03-17, 6 53 55 AM.mov",240,0,0.9229234715302785,-0.8892591595649719,0.29126273454910095,0.603278446257103,0.4174745309017981,10.0,0.47778315964347556
9,val,246,394,1,Unhealthy,lameness,Truro Cow Video Data,unhealthy cows before going out/Nov 10/394- lameness.mov,240,0,0.9050245667497318,-0.7928743958473206,0.3115518143563518,0.6203366771002676,0.37689637128729636,10.0,0.480188517753633
10,val,2,323,1,Unhealthy,lameness,Truro Cow Video Data,unhealthy cows before going out/Nov 7/323-lameness.mov,240,0,0.9290141927699248,-0.9599337577819824,0.2768914578672811,0.5899933983084915,0.4462170842654378,10.0,0.47602006727490975
10,val,31,352,0,Healthy,healthy folder,Truro Cow Video Data,healthy cows before going out/Nov 28/352.mov,240,0,0.923103096584479,-0.6336342692375183,0.34668693562833297,0.6453715629389067,0.30662612874333406,10.0,0.4841644411281749
10,val,34,323,1,Unhealthy,lameness,Truro Cow Video Data,unhealthy cows after exercise/Nov 7/323-lameness.mov,240,0,0.9206166617572308,-1.005899429321289,0.2677831054419172,0.5810413778150088,0.4644337891161656,10.0,0.47487369706090954
10,val,63,352,0,Healthy,healthy folder,Truro Cow Video Data,healthy cows after exercise/Nov 28/352.mov,240,0,0.9148002174993356,-1.0401617288589478,0.26111878942878003,0.5742238858803695,0.47776242114243994,10.0,0.4740193770408556
10,val,66,323,1,Unhealthy,lameness,Truro Cow Video Data,unhealthy cows before going out/Nov 10/323- lameness.mov,240,0,0.9261671207845211,-0.9474868774414062,0.27939051196528003,0.5923767576699435,0.44121897606943994,10.0,0.47633053276808257
10,val,95,323,1,Unhealthy,lameness,Truro Cow Video Data,unhealthy cows after exercise/Nov 28/323-lameness.mov,240,0,0.9107326470315457,-0.9876972436904907,0.2713671550057754,0.5846139068542681,0.4572656899884492,10.0,0.47532762317623967
10,val,124,323,1,Unhealthy,lameness,Truro Cow Video Data,unhealthy cows after exercise/Nov 5/323-lameness.mov,240,0,0.9248249081273874,-0.7356384992599487,0.32395861919859387,0.6298174230590012,0.35208276160281227,10.0,0.4816173268050415
10,val,151,323,1,Unhealthy,lameness,Truro Cow Video Data,unhealthy cows before going out/Nov 5/323- lameness.mov,240,0,0.9309564903378487,-0.3578709363937378,0.4114750497301229,0.6773909181496658,0.17704990053975422,10.0,0.4910541813242567
10,val,176,323,1,Unhealthy,lameness,Truro Cow Video Data,unhealthy cows after exercise/Nov 10/323-lameness.mov,240,0,0.895742766559124,-0.3568728566169739,0.411716769392709,0.677477301960359,0.17656646121458197,10.0,0.49107912535352655
10,val,195,323,1,Unhealthy,lameness,Truro Cow Video Data,unhealthy cows before going out/Nov 28/323-lameness.mov,240,0,0.9364967639247577,-1.0387446880340576,0.261392279819479,0.5745081663226089,0.477215440361042,10.0,0.47405470754225904
11,val,27,354,1,Unhealthy,lame,Yashan Dhaliwal RAC Data 2025,"24 Feb 2025/During Exercise/354/Video 2025-02-24, 9 41 39 AM.mov",240,0,0.9299345922966799,0.6714264750480652,0.661822497207213,0.6398192187463483,0.32364499441442596,0.3378530442714691,0.8794606868920869
11,val,29,405,0,Healthy,healthy folder,Truro Cow Video Data,healthy cows after exercise/Sep 8/405.mov,240,0,0.9110889226198197,0.38961532711982727,0.5961900937034043,0.6745262423394492,0.1923801874068085,0.3378530442714691,0.7600966497749512
11,val,59,354,1,Unhealthy,lame,Yashan Dhaliwal RAC Data 2025,"March 19 2025/After exercise/354/Video 2025-03-19, 8 04 47 AM.mov",240,0,0.8884655413528283,1.0163936614990234,0.7342695334347151,0.578965867893577,0.46853906686943025,0.3378530442714691,0.9529517152690274
11,val,61,405,0,Healthy,healthy folder,Truro Cow Video Data,healthy cows before going out/Sep 8/405.mov,240,0,0.9171775318682194,0.1306755095720291,0.5326224685852037,0.6910172169684432,0.06524493717040736,0.3378530442714691,0.595507815697572
11,val,89,354,1,Unhealthy,lame,Yashan Dhaliwal RAC Data 2025,"26 March 2025/After exercise/354/Video 2025-03-26, 8 32 59 AM.mov",240,0,0.9387057942648729,0.4073852300643921,0.6004607406601113,0.6728244104369425,0.2009214813202227,0.3378530442714691,0.76955602909346
11,val,91,405,0,Healthy,healthy folder,Truro Cow Video Data,healthy cows after exercise/Sep 4/405.mov,240,0,0.9234221835931142,-0.16961665451526642,0.45769720804588704,0.6895638460008897,0.08460558390822592,0.3378530442714691,0.3770607469570869
11,val,118,354,1,Unhealthy,lame,Yashan Dhaliwal RAC Data 2025,"21 Feb 2025/During Exercise/354/Video 2025-02-21, 9 23 37 AM.mov",240,0,0.9070203676819801,1.0572456121444702,0.7421638264454024,0.5707814329703937,0.4843276528908047,0.3378530442714691,0.9580855387643505
11,val,120,405,0,Healthy,healthy folder,Truro Cow Video Data,healthy cows after exercise/Sep 5/405.mov,240,0,0.9110773128767808,0.37544795870780945,0.5927747384746377,0.6758327129913902,0.18554947694927537,0.3378530442714691,0.7523669092073609
11,val,145,354,1,Unhealthy,lame,Yashan Dhaliwal RAC Data 2025,"6 March 2025/Before Exercise/354/Video 2025-03-06, 6 35 48 AM.mov",240,0,0.9263859363893668,0.315027117729187,0.5781118468728584,0.6808941312130523,0.15622369374571687,0.3378530442714691,0.7175697014522199
11,val,147,405,0,Healthy,healthy folder,Truro Cow Video Data,healthy cows before going out/Sep 5/405.mov,240,0,0.936050142844518,0.2605469524860382,0.5647707400824765,0.6847330572523169,0.12954148016495304,0.3378530442714691,0.6837770188937053
11,val,171,354,1,Unhealthy,lame,Yashan Dhaliwal RAC Data 2025,"27 Feb 2025/After Exercise/354/Video 2025-02-27, 3 46 49 PM.mov",240,0,0.9188152636090915,0.7036916017532349,0.6690057390098842,0.6348805220878555,0.3380114780197685,0.3378530442714691,0.8892234447041165
11,val,192,354,1,Unhealthy,lame,Yashan Dhaliwal RAC Data 2025,"10 March 2025/Before exercise/354/Video 2025-03-10, 6 46 55 AM.mov",240,0,0.936105857292811,0.8083874583244324,0.6917657750378334,0.6176805377248082,0.38353155007566686,0.3378530442714691,0.916270416815192
11,val,211,354,1,Unhealthy,lame,Yashan Dhaliwal RAC Data 2025,"10 March 2025/After exercise/354/Video 2025-03-10, 7 39 22 AM.mov",240,0,0.9356954174737135,0.41545069217681885,0.6023941296046675,0.6720289816254158,0.20478825920933508,0.3378530442714691,0.7737623342586892
11,val,228,354,1,Unhealthy,lame,Yashan Dhaliwal RAC Data 2025,"27 Feb 2025/Before Exercise/354/Video 2025-02-27, 2 49 57 PM.mov",240,0,0.9311288975179195,0.6457996964454651,0.6560633106204989,0.6436121942003634,0.3121266212409979,0.3378530442714691,0.8711854462374894
11,val,244,354,1,Unhealthy,lame,Yashan Dhaliwal RAC Data 2025,"12 March 2025/After exercise/354/Video 2025-03-12, 8 17 08 AM.mov",240,0,0.9126965100566546,0.44735997915267944,0.610011362308138,0.6687430040812163,0.22002272461627603,0.3378530442714691,0.789867336057677
12,val,14,426,0,Healthy,healthy folder,Truro Cow Video Data,healthy cows after exercise/Nov 7/426.mov,240,0,0.9147064263621966,-0.15840476751327515,0.4604814071941453,0.6900204820963907,0.07903718561170936,0.3462647497653961,0.38758684478218325
12,val,18,425,1,Unhealthy,unhealthy folder,Truro Cow Video Data,unhealthy cows after exercise/Sep 4/425.mov,240,0,0.9188506041963895,0.08587293326854706,0.5214550505214449,0.6922262594408892,0.04291010104288984,0.3462647497653961,0.561683656417325
12,val,46,426,0,Healthy,healthy folder,Truro Cow Video Data,healthy cows before going out/Nov 7/426.mov,240,0,0.9348373867571353,0.044124800711870193,0.5110294107159495,0.6929038650236727,0.02205882143189908,0.3462647497653961,0.5318146642692931
12,val,50,425,1,Unhealthy,lameness,Truro Cow Video Data,unhealthy cows after exercise/Oct 29/425-lameness.mov,240,0,0.9115876237551371,-0.27786874771118164,0.4309763582130918,0.6835881569553979,0.13804728357381635,0.3462647497653961,0.3094963768554721
12,val,77,426,0,Healthy,healthy folder,Truro Cow Video Data,healthy cows after exercise/Nov 10/426.mov,240,0,0.8933867079516252,-0.17696398496627808,0.45587409852036764,0.6892479194771319,0.08825180295926471,0.3462647497653961,0.37494376885252995
12,val,81,425,1,Unhealthy,lameness,Truro Cow Video Data,unhealthy cows before going out/oct 29/425-lameness.mov,240,0,0.9149432549873988,0.11770430952310562,0.5293921512293499,0.6914183869798769,0.05878430245869981,0.3462647497653961,0.584172489949607
12,val,106,426,0,Healthy,healthy folder,Truro Cow Video Data,healthy cows before going out/Nov 10/426.mov,226,14,0.9181157437573492,-0.15165433287620544,0.4621589147048657,0.6902805448384359,0.0756821705902686,0.3462647497653961,0.39222426026842144
12,val,110,425,1,Unhealthy,lameness,Truro Cow Video Data,unhealthy cows before going out/Nov 10/425- lameness.mov,240,0,0.9359828511873881,-0.23285889625549316,0.44204690675016384,0.6864149372095345,0.11590618649967233,0.3462647497653961,0.33793995536481053
12,val,138,425,1,Unhealthy,lameness,Truro Cow Video Data,unhealthy cows after exercise/Sep 26/425-lameness.mov,156,84,0.8682629133646305,0.273126482963562,0.5678602903793605,0.6839086571955386,0.13572058075872095,0.3462647497653961,0.6875691724872395
12,val,164,425,1,Unhealthy,lameness,Truro Cow Video Data,unhealthy cows after exercise/Nov 7/425-lameness.mov,240,0,0.9277856886386872,-0.22261130809783936,0.44457586640548297,0.6869908675858623,0.11084826718903407,0.3462647497653961,0.34459278480597455
12,val,188,425,1,Unhealthy,lameness,Truro Cow Video Data,unhealthy cows before going out/Sep 5/425-lameness.mov,240,0,0.8864598405857881,0.48327377438545227,0.6185206303456546,0.6647837070791893,0.23704126069130926,0.3462647497653961,0.8014970100126829
12,val,207,425,1,Unhealthy,lameness,Truro Cow Video Data,unhealthy cows before going out/Sep 29/425-lameness.mov,222,18,0.8695922099255227,0.9256719350814819,0.7161963905878025,0.5965098974089607,0.432392781175605,0.3462647497653961,0.9354330478755193
12,val,224,425,1,Unhealthy,lameness,Truro Cow Video Data,unhealthy cows before going out/Nov 5/425- lameness.mov,228,12,0.9097434060092557,-0.08417775481939316,0.47896797905201,0.6922622276716088,0.04206404189598001,0.3462647497653961,0.4395219814842067
12,val,240,425,1,Unhealthy,lameness,Truro Cow Video Data,unhealthy cows after exercise/Sep 29/425-lameness.mov,240,0,0.9116174807151158,1.0843137502670288,0.7473094521640584,0.5652717552871809,0.49461890432811684,0.3462647497653961,0.9581718930685568
13,val,7,446,1,Unhealthy,fresh cows,Truro Cow Video Data,unhealthy cows after exercise/Sep 5/446- fresh cows.mov,240,0,0.9178997702896595,0.7463292479515076,0.6783783351635091,0.6280857854520121,0.3567566703270182,1.3236215114593506,0.6373438054570556
13,val,30,355,0,Healthy,healthy folder,Truro Cow Video Data,healthy cows before going out/Sep 8/355.mov,240,0,0.9403041946391265,0.3549595773220062,0.587819744599906,0.6776422641218269,0.1756394891998121,1.3236215114593506,0.5666443290406804
13,val,39,446,1,Unhealthy,fresh cows,Truro Cow Video Data,unhealthy cows before going out/Sep 4/446- fresh cows.mov,223,17,0.8755478757379301,1.0448129177093506,0.739777593689826,0.5732894186159281,0.47955518737965197,1.3236215114593506,0.6876937381168325
13,val,62,355,0,Healthy,healthy folder,Truro Cow Video Data,healthy cows before going out/Sep 4/355.mov,240,0,0.9181237099071343,0.4614544212818146,0.6133591485304635,0.6672217582964365,0.22671829706092694,1.3236215114593506,0.5862853646084327
13,val,71,446,1,Unhealthy,fresh cows,Truro Cow Video Data,unhealthy cows after exercise/Sep 4/446- fresh cows.mov,221,19,0.8468000608332017,1.1602829694747925,0.7613841280690513,0.5494792134185325,0.5227682561381026,1.3236215114593506,0.7061165905983808
13,val,92,355,0,Healthy,healthy folder,Truro Cow Video Data,healthy cows before going out/Sep 5/355.mov,240,0,0.9087575907508533,0.34396809339523315,0.5851540970918166,0.6785738068815994,0.1703081941836333,1.3236215114593506,0.5646040692970494
13,val,100,446,1,Unhealthy,fresh cows,Truro Cow Video Data,unhealthy cows before going out/Sep 8/446- fresh cows.mov,240,0,0.9309417222936948,1.1433851718902588,0.7583006183702796,0.5530308668168662,0.5166012367405592,1.3236215114593506,0.703460418889996
13,val,121,355,0,Healthy,healthy folder,Truro Cow Video Data,healthy cows after exercise/Sep 4/355.mov,240,0,0.9202614963054657,0.6859394907951355,0.6650630383632982,0.6376199372012743,0.33012607672659633,1.3236215114593506,0.626733631624586
13,val,129,446,1,Unhealthy,fresh cows,Truro Cow Video Data,unhealthy cows after exercise/Sep 8/446- fresh cows.mov,240,0,0.9242884775002798,0.6692987680435181,0.6613461238585862,0.6401385615750893,0.3226922477171723,1.3236215114593506,0.6237878739480456
13,val,148,355,0,Healthy,healthy folder,Truro Cow Video Data,healthy cows after exercise/Sep 5/355.mov,240,0,0.9303450296322505,0.046619806438684464,0.5116528411562018,0.6928755785558152,0.023305682312403597,1.3236215114593506,0.5088044405305807
13,val,173,355,0,Healthy,healthy folder,Truro Cow Video Data,healthy cows after exercise/Sep 8/355.mov,224,16,0.871411166020802,0.664021909236908,0.6601632750284693,0.6409271190942794,0.32032655005693855,1.3236215114593506,0.622851832288538
