fold,split,sequence_index,cow_id,target,target_label,health_condition,dataset_root,relative_path,detected_frames,filled_frames,mean_detection_confidence,pain_logit,pain_prob,temperature,pain_prob_calibrated
0,val,6,402,0,Healthy,healthy folder,Truro Cow Video Data,healthy cows after exercise/Nov 7/402.mov,240,0,0.9249715042610963,-0.18118688464164734,0.45482679269969406,0.13662025332450867,0.2097872840274986
0,val,9,374,0,Healthy,healthy folder,Truro Cow Video Data,healthy cows before going out/Nov 10/374.mov,240,0,0.9354109381635983,-0.2716771364212036,0.43249540690950694,0.13662025332450867,0.12040962766612633
0,val,11,433,1,Unhealthy,possible mastitis,Yashan Dhaliwal RAC Data 2025,"March 24 2025/Before exercise/433/Video 2025-03-24, 7 12 23 AM.mov",232,8,0.9055813211819221,0.7455517053604126,0.6782086664876672,0.13662025332450867,0.9957522526141404
0,val,19,432,0,Healthy,healthy folder,Truro Cow Video Data,healthy cows after exercise/Sep 4/432.mov,240,0,0.9074539872507255,0.034516509622335434,0.5086282707867039,0.13662025332450867,0.5628275724909462
0,val,38,402,0,Healthy,healthy folder,Truro Cow Video Data,healthy cows before going out/Oct 29/402.mov,220,20,0.8583921828053215,-0.22122600674629211,0.4449179625379017,0.13662025332450867,0.1653046323302942
0,val,41,374,0,Healthy,healthy folder,Truro Cow Video Data,healthy cows before going out/Nov 7/374.mov,240,0,0.9324015706777573,-0.25694411993026733,0.4361150590278711,0.13662025332450867,0.13230646607929816
0,val,43,433,1,Unhealthy,possible mastitis,Yashan Dhaliwal RAC Data 2025,"17 March 2025/After exercise/433/Video 2025-03-17, 8 47 40 AM.mov",240,0,0.9380414597690105,-0.20152164995670319,0.4497893977359541,0.13662025332450867,0.18617631272396268
0,val,51,432,0,Healthy,healthy folder,Truro Cow Video Data,healthy cows after exercise/Sep 8/432.mov,240,0,0.9269799560308456,0.21139739453792572,0.5526534094628286,0.13662025332450867,0.8245285901485421
0,val,70,402,0,Healthy,healthy folder,Truro Cow Video Data,healthy cows before going out/Nov 10/402.mov,240,0,0.9385054714977741,-0.2687174081802368,0.4332219965113996,0.13662025332450867,0.12272301019795513
0,val,73,374,0,Healthy,healthy folder,Truro Cow Video Data,healthy cows after exercise/Nov 7/374.mov,240,0,0.9254625787337621,-0.22765204310417175,0.44333151723707304,0.13662025332450867,0.15891643070916966
0,val,75,433,1,Unhealthy,possible mastitis,Yashan Dhaliwal RAC Data 2025,"27 Feb 2025/After Exercise/433/Video 2025-02-27, 3 51 28 PM.mov",240,0,0.938522698233525,-0.09568007290363312,0.476098213419223,0.13662025332450867,0.3317377508425484
0,val,82,432,0,Healthy,healthy folder,Truro Cow Video Data,healthy cows before going out/Sep 5/432.mov,240,0,0.9382756993174552,-0.2764338254928589,0.43132828721657496,0.13662025332450867,0.11677059495263944
0,val,99,402,0,Healthy,healthy folder,Truro Cow Video Data,healthy cows after exercise/Oct 29/402.mov,240,0,0.931898154815038,-0.17587091028690338,0.45614525192128846,0.13662025332450867,0.21631058856928337
0,val,102,374,0,Healthy,healthy folder,Truro Cow Video Data,healthy cows before going out/Oct 29/374.mov,231,9,0.9165891452785179,-0.23089437186717987,0.44253149488685206,0.13662025332450867,0.15576992628447156
0,val,104,433,1,Unhealthy,possible mastitis,Yashan Dhaliwal RAC Data 2025,"21 Feb 2025/Before Exercise/433/Video 2025-02-21, 8 45 57 AM.mov",240,0,0.9260673398772875,1.068589687347412,0.7443286208517742,0.13662025332450867,0.9995991832120207
0,val,111,432,0,Healthy,healthy folder,Truro Cow Video Data,healthy cows before going out/Sep 4/432.mov,240,0,0.9305532145003478,-0.2022325098514557,0.4496134812007467,0.13662025332450867,0.18538924133331533
0,val,128,402,0,Healthy,healthy folder,Truro Cow Video Data,healthy cows before going out/Sep 26/402.mov,240,0,0.9336460113525391,-0.25438064336776733,0.43674556880006454,0.13662025332450867,0.13447544606318212
0,val,131,374,0,Healthy,healthy folder,Truro Cow Video Data,healthy cows before going out/Nov 5/374.mov,240,0,0.9113782299061616,-0.2604473829269409,0.4352537347460501,0.13662025332450867,0.12939034239285566
0,val,133,433,1,Unhealthy,possible mastitis,Yashan Dhaliwal RAC Data 2025,"7 March 2025/After Exercise/433/Video 2025-03-07, 7 50 08 AM.mov",240,0,0.9389747234682242,-0.08835086971521378,0.4779266391969743,0.13662025332450867,0.3437359606715728
0,val,139,432,0,Healthy,healthy folder,Truro Cow Video Data,healthy cows after exercise/Sep 5/432.mov,240,0,0.9230889822045962,0.37482771277427673,0.5926250069311181,0.13662025332450867,0.9395493800784355
0,val,155,402,0,Healthy,healthy folder,Truro Cow Video Data,healthy cows after exercise/Nov 5/402.mov,240,0,0.9358728763957819,-0.25232061743736267,0.437252398729025,0.13662025332450867,0.13624015047660645
0,val,157,374,0,Healthy,healthy folder,Truro Cow Video Data,healthy cows before going out/Nov 28/374.mov,240,0,0.9330345896383127,-0.2715685963630676,0.43252204751626494,0.13662025332450867,0.12049379578322955
0,val,159,433,1,Unhealthy,possible mastitis,Yashan Dhaliwal RAC Data 2025,"19 Feb 2025/Before Exercise/433/Video 2025-02-19, 8 48 28 AM.mov",240,0,0.9359229035675526,0.21799038350582123,0.5542828068873475,0.13662025332450867,0.8314016098349666
0,val,165,432,0,Healthy,healthy folder,Truro Cow Video Data,healthy cows before going out/Sep 8/432.mov,240,0,0.9067770875990391,-0.1066049188375473,0.4733739817056777,0.13662025332450867,0.3142550195862885
0,val,180,402,0,Healthy,healthy folder,Truro Cow Video Data,healthy cows before going out/Oct 1/402.mov,240,0,0.9178536708156267,0.015915637835860252,0.5039788254704494,0.13662025332450867,0.5290909699169678
0,val,182,374,0,Healthy,healthy folder,Truro Cow Video Data,healthy cows after exercise/Nov 10/374.mov,235,5,0.8498713445156179,-0.10833454877138138,0.4729428203982826,0.13662025332450867,0.3115332139342157
0,val,184,433,1,Unhealthy,possible mastitis,Yashan Dhaliwal RAC Data 2025,"March 19 2025/During exercise/433/Video 2025-03-19, 7 37 49 AM.mov",240,0,0.9192602768540382,0.6971393823623657,0.667553231554288,0.13662025332450867,0.9939567564150236
0,val,199,402,0,Healthy,healthy folder,Truro Cow Video Data,healthy cows before going out/Nov 5/402.mov,240,0,0.925056728720665,0.02978307195007801,0.5074452176505182,0.13662025332450867,0.5542849235870295
0,val,201,374,0,Healthy,healthy folder,Truro Cow Video Data,healthy cows after exercise/Oct 29/374.mov,240,0,0.9323522162934145,-0.25595706701278687,0.4363578090998817,0.13662025332450867,0.13313808838459376
0,val,203,433,1,Unhealthy,possible mastitis,Yashan Dhaliwal RAC Data 2025,"19 Feb 2025/During Exercise/433/Video 2025-02-19, 9 20 37 AM.mov",240,0,0.9084170666833719,0.48538458347320557,0.6190185570338103,0.13662025332450867,0.9721533551904961
0,val,216,402,0,Healthy,healthy folder,Truro Cow Video Data,healthy cows before going out/Nov 7/402.mov,240,0,0.9178457371890545,-0.24737858772277832,0.4384688228324578,0.13662025332450867,0.14055328482300103
0,val,218,374,0,Healthy,healthy folder,Truro Cow Video Data,healthy cows after exercise/Nov 5/374.mov,234,6,0.8959838995057293,-0.25631266832351685,0.4362703510545156,0.13662025332450867,0.13283797472902506
0,val,220,433,1,Unhealthy,possible mastitis,Yashan Dhaliwal RAC Data 2025,"20 Feb 2025/After Exercise/433/Video 2025-02-20, 9 48 55 AM.mov",240,0,0.8899568190177282,0.3011589050292969,0.5747257963077916,0.13662025332450867,0.9006394952546454
0,val,232,402,0,Healthy,healthy folder,Truro Cow Video Data,healthy cows before going out/Sep 25/402.mov,240,0,0.9409855763117473,-0.13459427654743195,0.4664021360651572,0.13662025332450867,0.27186700082680376
0,val,234,374,0,Healthy,healthy folder,Truro Cow Video Data,healthy cows after exercise/Nov 28/374.mov,240,0,0.9422747530043125,-0.26439839601516724,0.4342827940751033,0.13662025332450867,0.1261673534393604
0,val,236,433,1,Unhealthy,possible mastitis,Yashan Dhaliwal RAC Data 2025,"24 Feb 2025/After Exercise/433/Video 2025-02-24, 10 37 28 AM.mov",240,0,0.9406838089227676,0.0030471179634332657,0.5007617789014366,0.13662025332450867,0.5055756587697419
0,val,248,402,0,Healthy,healthy folder,Truro Cow Video Data,healthy cows after exercise/Nov 28/402.mov,240,0,0.9362019119163354,-0.22738440334796906,0.44339756870143227,0.13662025332450867,0.15917845022351584
1,val,3,310,1,Unhealthy,possible mastitis,Yashan Dhaliwal RAC Data 2025,"28 Feb 2025/After Exercise/310/Video 2025-02-28, 9 59 51 AM.mov",240,0,0.9342046479384104,-0.3890276849269867,0.4039513876585756,4.0853705406188965,0.47621182820540764
1,val,15,417,0,Healthy,healthy,Yashan Dhaliwal RAC Data 2025,"12 March 2025/After exercise/417/Video 2025-03-12, 8 10 02 AM.mov",240,0,0.9244140026470026,-0.47093766927719116,0.384394333891285,4.0853705406188965,0.47121332897174156
1,val,16,427,1,Unhealthy,lameness,Truro Cow Video Data,unhealthy cows before going out/Sep 8/427- lameness.mov,240,0,0.9299181406696637,-0.4977708160877228,0.37806467812207145,4.0853705406188965,0.4695770605350649
1,val,17,378,0,Healthy,healthy,Yashan Dhaliwal RAC Data 2025,"12 March 2025/After exercise/378/Video 2025-03-12, 8 08 18 AM.mov",240,0,0.922410644342502,-0.5525081753730774,0.3652826891483182,4.0853705406188965,0.466241275352546
1,val,35,310,1,Unhealthy,possible mastitis,Yashan Dhaliwal RAC Data 2025,"24 Feb 2025/Before Exercise/310/Video 2025-02-24, 8 58 07 AM.mov",240,0,0.9358627900481225,-0.13994567096233368,0.4650705707905911,4.0853705406188965,0.4914370075792991
1,val,47,417,0,Healthy,healthy,Yashan Dhaliwal RAC Data 2025,"March 24 2025/After exercise/417/Video 2025-03-24, 7 58 46 AM.mov",240,0,0.921450388431549,-0.5523207783699036,0.36532613847380807,4.0853705406188965,0.4662526906587622
1,val,48,427,1,Unhealthy,lameness,Truro Cow Video Data,unhealthy cows after exercise/Sep 4/427- lameness.mov,240,0,0.9348571506639322,-0.43027475476264954,0.39406072457678665,4.0853705406188965,0.4736940960119619
1,val,49,378,0,Healthy,healthy,Yashan Dhaliwal RAC Data 2025,"7 March 2025/Before Exercise/378/Video 2025-03-07, 6 21 02 AM.mov",240,0,0.9378780769805114,-0.47162941098213196,0.38423065646037663,4.0853705406188965,0.4711711390756951
1,val,67,310,1,Unhealthy,possible mastitis,Yashan Dhaliwal RAC Data 2025,"17 March 2025/Before exercise/310/Video 2025-03-17, 7 06 35 AM.mov",240,0,0.9214439620574315,-0.3073427975177765,0.42376346400485815,4.0853705406188965,0.48120134243633544
1,val,78,417,1,Unhealthy,fresh cows,Truro Cow Video Data,unhealthy cows after exercise/Sep 8/417- fresh cows .mov,240,0,0.8719493227700392,-0.483978807926178,0.3813130288803816,4.0853705406188965,0.47041800906941345
1,val,79,427,1,Unhealthy,lameness,Truro Cow Video Data,unhealthy cows after exercise/Sep 8/427- lameness.mov,240,0,0.9333582714200019,-0.526218831539154,0.3713992164797183,4.0853705406188965,0.46784303317944476
1,val,80,378,0,Healthy,healthy,Yashan Dhaliwal RAC Data 2025,"20 Feb 2025/During Exercise/378/Video 2025-02-20, 9 29 50 AM.mov",240,0,0.8809574571748574,-0.318889856338501,0.420946322167954,4.0853705406188965,0.4804957689786482
1,val,96,310,1,Unhealthy,possible mastitis,Yashan Dhaliwal RAC Data 2025,"27 Feb 2025/Before Exercise/310/Video 2025-02-27, 2 45 31 PM.mov",240,0,0.9483591350416343,-0.40140125155448914,0.4009757207489685,4.0853705406188965,0.4754564095731352
1,val,107,417,0,Healthy,healthy,Yashan Dhaliwal RAC Data 2025,"20 Feb 2025/Before Exercise/417/Video 2025-02-20, 8 47 36 AM.mov",240,0,0.9251001996298631,-0.4559684991836548,0.3879426425605535,4.0853705406188965,0.47212641071860895
1,val,108,427,1,Unhealthy,lameness,Truro Cow Video Data,unhealthy cows after exercise/Sep 5/427- lameness.mov,240,0,0.9237723007798195,-0.4362460672855377,0.392635818887559,4.0853705406188965,0.47332971328055
1,val,109,378,0,Healthy,healthy,Yashan Dhaliwal RAC Data 2025,"6 March 2025/During Exercise/378/Video 2025-03-06, 7 10 01 AM.mov",240,0,0.9053575110932192,-0.5026818513870239,0.37691063105980366,4.0853705406188965,0.4692776584373169
1,val,125,310,1,Unhealthy,possible mastitis,Yashan Dhaliwal RAC Data 2025,"19 Feb 2025/During Exercise/310/Video 2025-02-19, 9 27 32 AM.mov",240,0,0.9321006392439206,-0.005277321673929691,0.4986806726434686,4.0853705406188965,0.4996770598353547
1,val,135,417,0,Healthy,healthy,Yashan Dhaliwal RAC Data 2025,"21 Feb 2025/During Exercise/417/Video 2025-02-21, 9 21 06 AM.mov",202,38,0.786683981961543,-0.3782412111759186,0.40655116548291925,4.0853705406188965,0.47687044216058133
1,val,136,427,1,Unhealthy,lameness,Truro Cow Video Data,unhealthy cows before going out/Sep 4/427-lameness.mov,240,0,0.9374050877988338,-0.5018793940544128,0.377099105974032,4.0853705406188965,0.4693265788785293
1,val,137,378,0,Healthy,healthy,Yashan Dhaliwal RAC Data 2025,"10 March 2025/During exercise/378/Video 2025-03-10, 7 01 58 AM.mov",240,0,0.9362057482202848,-0.6012265086174011,0.35406313808784223,4.0853705406188965,0.4632748274312302
1,val,152,310,1,Unhealthy,possible mastitis,Yashan Dhaliwal RAC Data 2025,"19 Feb 2025/After Exercise/310/Video 2025-02-19, 10 04 02 AM.mov",240,0,0.9345259490112464,-0.47259321808815,0.3840026476067558,4.0853705406188965,0.47111235637373283
1,val,161,417,0,Healthy,healthy,Yashan Dhaliwal RAC Data 2025,"27 Feb 2025/Before Exercise/417/Video 2025-02-27, 2 40 36 PM.mov",240,0,0.9373460392157237,-0.3701368570327759,0.4085079524971411,4.0853705406188965,0.47736534096667776
1,val,162,427,1,Unhealthy,lameness,Truro Cow Video Data,unhealthy cows before going out/Sep 5/427- lameness.mov,240,0,0.9439546080927054,-0.35385754704475403,0.41244728958953675,4.0853705406188965,0.4783595832499909
1,val,163,378,0,Healthy,healthy,Yashan Dhaliwal RAC Data 2025,"21 Feb 2025/After Exercise/378/Video 2025-02-21, 10 06 18 AM.mov",240,0,0.941632175942262,-0.5220271944999695,0.37237833012461163,4.0853705406188965,0.46809848348482813
1,val,177,310,1,Unhealthy,possible mastitis,Yashan Dhaliwal RAC Data 2025,"March 19 2025/After exercise/310/Video 2025-03-19, 8 02 23 AM.mov",240,0,0.9346940619250138,-0.41847023367881775,0.39688286766689806,4.0853705406188965,0.4744145161475512
1,val,186,417,0,Healthy,healthy,Yashan Dhaliwal RAC Data 2025,"6 March 2025/After Exercise/417/Video 2025-03-06, 7 46 03 AM.mov",240,0,0.9421360053122043,-0.44682183861732483,0.390116667556439,4.0853705406188965,0.4726844262165947
1,val,187,378,0,Healthy,healthy,Yashan Dhaliwal RAC Data 2025,"24 Feb 2025/After Exercise/378/Video 2025-02-24, 10 28 03 AM.mov",240,0,0.9413431753714879,-0.33872735500335693,0.41611865083441313,4.0853705406188965,0.4792837982465265
1,val,196,310,1,Unhealthy,possible mastitis,Yashan Dhaliwal RAC Data 2025,"6 March 2025/After Exercise/310/Video 2025-03-06, 7 50 46 AM.mov",240,0,0.9333293343583743,-0.48729240894317627,0.38053161401947233,4.0853705406188965,0.4702159513413541
1,val,205,417,0,Healthy,healthy,Yashan Dhaliwal RAC Data 2025,"20 Feb 2025/After Exercise/417/Video 2025-02-20, 9 53 18 AM.mov",240,0,0.8949444778263569,-0.40651974081993103,0.39974691486382025,4.0853705406188965,0.4751439533177278
1,val,206,378,0,Healthy,healthy,Yashan Dhaliwal RAC Data 2025,"March 24 2025/After exercise/378/Video 2025-03-24, 7 55 45 AM.mov",240,0,0.9133493587374687,-0.0382985956966877,0.49042652123142844,4.0853705406188965,0.49765637444408306
1,val,214,310,1,Unhealthy,possible mastitis,Yashan Dhaliwal RAC Data 2025,"17 March 2025/After exercise/310/Video 2025-03-17, 8 49 13 AM.mov",240,0,0.9345425792038441,-0.41854211688041687,0.39686566133840623,4.0853705406188965,0.4744101288499517
1,val,222,417,0,Healthy,healthy,Yashan Dhaliwal RAC Data 2025,"24 Feb 2025/Before Exercise/417/Video 2025-02-24, 8 52 11 AM.mov",240,0,0.9256576471030712,-0.4750196933746338,0.38342883973436076,4.0853705406188965,0.47096436892906296
1,val,223,378,0,Healthy,healthy,Yashan Dhaliwal RAC Data 2025,"19 Feb 2025/After Exercise/378/Video 2025-02-19, 9 46 39 AM.mov",240,0,0.9310373286406199,-0.49130210280418396,0.3795868735191104,4.0853705406188965,0.46997146012097274
1,val,231,310,1,Unhealthy,possible mastitis,Yashan Dhaliwal RAC Data 2025,"March 19 2025/During exercise/310/Video 2025-03-19, 7 28 29 AM.mov",240,0,0.9384731647868951,0.2194347232580185,0.554639607864256,4.0853705406188965,0.5134248521821583
1,val,238,417,1,Unhealthy,fresh cows,Truro Cow Video Data,unhealthy cows after exercise/Sep 4/417- fresh cows .mov,240,0,0.932065366456906,-0.538950502872467,0.3684317557995655,4.0853705406188965,0.46706723275478096
1,val,239,378,0,Healthy,healthy,Yashan Dhaliwal RAC Data 2025,"March 19 2025/Before Exercise/378/Video 2025-03-19, 7 05 02 AM.mov",240,0,0.9228876727322738,-0.5817093849182129,0.35853935913768176,4.0853705406188965,0.464462920345179
1,val,247,310,1,Unhealthy,possible mastitis,Yashan Dhaliwal RAC Data 2025,"10 March 2025/After exercise/310/Video 2025-03-10, 7 35 13 AM.mov",240,0,0.9354673293729623,-0.5210111737251282,0.3726158178664037,4.0853705406188965,0.46816040520911945
2,val,1,394,1,Unhealthy,lameness,Truro Cow Video Data,unhealthy cows before going out/Sep 29/394-lameness.mov,240,0,0.9084200409551462,-0.3979552984237671,0.40180370039195323,7.050091743469238,0.48589203937587544
2,val,23,436,0,Healthy,healthy,Yashan Dhaliwal RAC Data 2025,"27 Feb 2025/Before Exercise/436/Video 2025-02-27, 2 29 11 PM.mov",240,0,0.9348028359313806,-0.41907358169555664,0.3967384551375235,7.050091743469238,0.48514380220808995
2,val,25,370,0,Healthy,healthy,Yashan Dhaliwal RAC Data 2025,"10 March 2025/Before exercise/370/Video 2025-03-10, 6 25 31 AM.mov",240,0,0.9255412615835666,-0.4289296865463257,0.39438194147886385,7.050091743469238,0.4847946153514676
2,val,26,415,1,Unhealthy,lameness,Truro Cow Video Data,unhealthy cows after exercise/Sep 5/415 - lameness.mov,240,0,0.8978516126672427,-0.44436898827552795,0.3907004206210882,7.050091743469238,0.4842476542617974
2,val,33,394,1,Unhealthy,lameness,Truro Cow Video Data,unhealthy cows before going out/Sep 26/394-lameness.mov,240,0,0.9465217828750611,-0.42447447776794434,0.39544654423148506,7.050091743469238,0.48495245482785254
2,val,55,436,0,Healthy,healthy,Yashan Dhaliwal RAC Data 2025,20 Feb 2025/After Exercise/436 (1)/IMG_0548.MOV,240,0,0.9135668471455574,-0.3499079942703247,0.41340473241023357,7.050091743469238,0.48759462297872663
2,val,57,370,0,Healthy,healthy,Yashan Dhaliwal RAC Data 2025,"27 Feb 2025/During Exercise/370/Video 2025-02-27, 3 22 44 PM.mov",199,41,0.8366024155712607,-0.35372263193130493,0.4124799845653359,7.050091743469238,0.4874594380787323
2,val,58,415,1,Unhealthy,lameness,Truro Cow Video Data,unhealthy cows after exercise/Sep 4/415 - lameness.mov,240,0,0.9029717360933621,-0.1643151342868805,0.4590133929904839,7.050091743469238,0.49417356175737787
2,val,65,394,1,Unhealthy,lameness,Truro Cow Video Data,unhealthy cows after exercise/Sep 26/394-lameness.mov,217,23,0.9038919064855795,-0.3495310842990875,0.4134961365352485,7.050091743469238,0.48760798018806784
2,val,85,436,0,Healthy,healthy,Yashan Dhaliwal RAC Data 2025,"19 Feb 2025/Before Exercise/436/Video 2025-02-19, 8 37 16 AM.mov",240,0,0.9138724977771441,-0.47445791959762573,0.3835616580215496,7.050091743469238,0.48318181705528973
2,val,87,370,0,Healthy,healthy,Yashan Dhaliwal RAC Data 2025,"7 March 2025/After Exercise/370/Video 2025-03-07, 7 32 51 AM.mov",240,0,0.9097090857724349,-0.25532442331314087,0.4365134138699085,7.050091743469238,0.49094704970861186
2,val,88,415,1,Unhealthy,lameness,Truro Cow Video Data,unhealthy cows after exercise/Sep 8/415 - lameness.mov,240,0,0.9057541300853094,0.48348575830459595,0.6185706473008525,7.050091743469238,0.5171379457740224
2,val,94,394,1,Unhealthy,lameness,Truro Cow Video Data,unhealthy cows after exercise/Nov 10/394-lameness.mov,240,0,0.9205281955500444,-0.4361015260219574,0.39267028860142883,7.050091743469238,0.4845405372605336
2,val,114,436,0,Healthy,healthy,Yashan Dhaliwal RAC Data 2025,"6 March 2025/During Exercise/436/Video 2025-03-06, 7 15 03 AM.mov",234,6,0.8841857708926893,-0.32899123430252075,0.4184860916161425,7.050091743469238,0.4883359125601586
2,val,116,370,0,Healthy,healthy,Yashan Dhaliwal RAC Data 2025,"March 19 2025/During exercise/370/Video 2025-03-19, 7 25 11 AM.mov",240,0,0.9330222343405088,0.692996084690094,0.6666330889611882,7.050091743469238,0.5245542421548727
2,val,117,415,1,Unhealthy,lameness,Truro Cow Video Data,unhealthy cows before going out/Sep 5/415 - lameness.mov,240,0,0.9325070497890313,-0.07881190627813339,0.4803072155519365,7.050091743469238,0.4972053170221837
2,val,123,394,1,Unhealthy,lameness,Truro Cow Video Data,unhealthy cows after exercise/Nov 5/394-lameness.mov,240,0,0.9372839137911797,-0.467081218957901,0.38530731218441544,7.050091743469238,0.4834431073995978
2,val,141,436,0,Healthy,healthy,Yashan Dhaliwal RAC Data 2025,"24 Feb 2025/After Exercise/436/Video 2025-02-24, 10 44 42 AM.mov",240,0,0.9282110606630644,-0.29777032136917114,0.4261026369223869,7.050091743469238,0.4894424755813444
2,val,143,370,0,Healthy,healthy,Yashan Dhaliwal RAC Data 2025,"10 March 2025/After exercise/370/Video 2025-03-10, 7 43 41 AM.mov",240,0,0.9178075117369493,0.026608457788825035,0.5066517219946821,7.050091743469238,0.5009435489342382
2,val,144,415,1,Unhealthy,lameness,Truro Cow Video Data,unhealthy cows before going out/Sep 8/415 - lameness.mov,240,0,0.9235168501734734,0.799690842628479,0.6899083454843408,7.050091743469238,0.5283270966375326
2,val,150,394,1,Unhealthy,lameness,Truro Cow Video Data,unhealthy cows before going out/Nov 28/394-lameness.mov,240,0,0.9354369682570298,-0.4750730097293854,0.3834162352311839,7.050091743469238,0.4831600303418646
2,val,167,436,0,Healthy,healthy,Yashan Dhaliwal RAC Data 2025,"17 March 2025/After exercise/436/Video 2025-03-17, 8 53 16 AM.mov",240,0,0.9435709595680237,-0.31010740995407104,0.42308852153309107,7.050091743469238,0.489005199102026
2,val,169,370,0,Healthy,healthy,Yashan Dhaliwal RAC Data 2025,"7 March 2025/During Exercise/370/Video 2025-03-07, 7 05 16 AM.mov",240,0,0.9326459353168806,1.0923311710357666,0.7488204420864673,7.050091743469238,0.5386573408802493
2,val,170,415,1,Unhealthy,lameness,Truro Cow Video Data,unhealthy cows before going out/Sep 4/415 - lameness.mov,240,0,0.9283979954818885,-0.07673224061727524,0.4808263465344283,7.050091743469238,0.49727906082811524
2,val,175,394,1,Unhealthy,lameness,Truro Cow Video Data,unhealthy cows after exercise/Oct 1/394-lameness.mov,206,34,0.9018281926807848,-0.1259763091802597,0.4685475077078591,7.050091743469238,0.4955329319839386
2,val,190,436,0,Healthy,healthy,Yashan Dhaliwal RAC Data 2025,"7 March 2025/During Exercise/436/Video 2025-03-07, 7 14 06 AM.mov",240,0,0.9037060412267844,-0.15584735572338104,0.4611168300554698,7.050091743469238,0.49447379497662053
2,val,191,370,0,Healthy,healthy,Yashan Dhaliwal RAC Data 2025,"28 Feb 2025/After Exercise/370/Video 2025-02-28, 9 45 01 AM.mov",240,0,0.9388760546843211,-0.4438113570213318,0.39083317483748653,7.050091743469238,0.4842674085605293
2,val,194,394,1,Unhealthy,lameness,Truro Cow Video Data,unhealthy cows before going out/Oct 6/394-lameness.mov,240,0,0.9326468085249265,-0.4346146881580353,0.3930249267188943,7.050091743469238,0.4845932110897637
2,val,209,436,0,Healthy,healthy,Yashan Dhaliwal RAC Data 2025,"17 March 2025/During Exercise/436/Video 2025-03-17, 8 24 39 AM.mov",240,0,0.9008327104151249,-0.4613535404205322,0.38666477560944346,7.050091743469238,0.483645993931501
2,val,210,370,0,Healthy,healthy,Yashan Dhaliwal RAC Data 2025,"10 March 2025/During exercise/370/Video 2025-03-10, 7 00 12 AM.mov",240,0,0.9229916309316953,-0.35157540440559387,0.4130004418212266,7.050091743469238,0.487535532299999
2,val,213,394,1,Unhealthy,lameness,Truro Cow Video Data,unhealthy cows before going out/oct 29/394-lameness.mov,235,5,0.9111202278035753,-0.46521225571632385,0.3857500626586515,7.050091743469238,0.48350930944817055
2,val,226,436,0,Healthy,healthy,Yashan Dhaliwal RAC Data 2025,"27 Feb 2025/During Exercise/436/Video 2025-02-27, 3 11 14 PM.mov",238,2,0.852426141500473,-0.2964842915534973,0.426417151444913,7.050091743469238,0.48948805863771194
2,val,227,370,0,Healthy,healthy,Yashan Dhaliwal RAC Data 2025,"12 March 2025/After exercise/370/Video 2025-03-12, 8 04 58 AM.mov",240,0,0.9282731565336386,-0.3756260275840759,0.40718227768241716,7.050091743469238,0.4866832514907618
2,val,230,394,1,Unhealthy,lameness,Truro Cow Video Data,unhealthy cows after exercise/Sep 29/394-lameness.mov,240,0,0.9172777165969213,-0.291207492351532,0.4277082786813915,7.050091743469238,0.48967509549774374
2,val,242,436,0,Healthy,healthy,Yashan Dhaliwal RAC Data 2025,"10 March 2025/After exercise/436/Video 2025-03-10, 7 41 37 AM.mov",240,0,0.9042684098084768,-0.2732812464237213,0.4321017318432054,7.050091743469238,0.49031051498387446
2,val,243,370,0,Healthy,healthy,Yashan Dhaliwal RAC Data 2025,"17 March 2025/Before exercise/370/Video 2025-03-17, 6 53 55 AM.mov",240,0,0.9229234715302785,-0.43563902378082275,0.3927805917634399,7.050091743469238,0.4845569221737916
2,val,246,394,1,Unhealthy,lameness,Truro Cow Video Data,unhealthy cows before going out/Nov 10/394- lameness.mov,240,0,0.9050245667497318,-0.3859122097492218,0.4047017390739483,7.050091743469238,0.48631876388638284
3,val,2,323,1,Unhealthy,lameness,Truro Cow Video Data,unhealthy cows before going out/Nov 7/323-lameness.mov,240,0,0.9290141927699248,-0.17090429365634918,0.45737761997695703,4.418477535247803,0.4903313421881974
3,val,21,349,1,Unhealthy,sudden fall,Cow 349 - Unhealthy (sudden fall),"Video 2025-03-28, 2 35 10 PM.mov",240,0,0.9362290667990844,0.2628929018974304,0.5653472977222299,4.418477535247803,0.514870245022464
3,val,24,439,0,Healthy,healthy folder,Truro Cow Video Data,healthy cows before going out/Sep 8/439.mov,240,0,0.8954004652798175,-0.2022915929555893,0.4495988604685036,4.418477535247803,0.4885562241973679
3,val,31,352,0,Healthy,healthy folder,Truro Cow Video Data,healthy cows before going out/Nov 28/352.mov,240,0,0.923103096584479,0.8826549053192139,0.707372080456581,4.418477535247803,0.5497757036596163
3,val,34,323,1,Unhealthy,lameness,Truro Cow Video Data,unhealthy cows after exercise/Nov 7/323-lameness.mov,240,0,0.9206166617572308,-0.20391905307769775,0.4491961627545233,4.418477535247803,0.4884641901932492
3,val,53,349,1,Unhealthy,sudden fall,Cow 349 - Unhealthy (sudden fall),"Video 2025-03-28, 2 47 34 PM.mov",235,5,0.8500771225766933,1.3301010131835938,0.7908573430610163,4.418477535247803,0.5746946613229826
3,val,56,439,0,Healthy,healthy folder,Truro Cow Video Data,healthy cows after exercise/Sep 5/439.mov,240,0,0.9179200741151968,0.7434985637664795,0.6777604215852177,4.418477535247803,0.5419685949911615
3,val,63,352,0,Healthy,healthy folder,Truro Cow Video Data,healthy cows after exercise/Nov 28/352.mov,240,0,0.9148002174993356,0.10192430019378662,0.5254590386281139,4.418477535247803,0.5057666798094959
3,val,66,323,1,Unhealthy,lameness,Truro Cow Video Data,unhealthy cows before going out/Nov 10/323- lameness.mov,240,0,0.9261671207845211,-0.16774138808250427,0.45816270560669453,4.418477535247803,0.49051023551659484
3,val,84,349,1,Unhealthy,sudden fall,Cow 349 - Unhealthy (sudden fall),"Video 2025-03-28, 2 31 06 PM.mov",240,0,0.9012683374186357,0.9514614343643188,0.7214089892830375,4.418477535247803,0.5536271707959926
3,val,86,439,0,Healthy,healthy folder,Truro Cow Video Data,healthy cows before going out/Sep 4/439.mov,240,0,0.8978958723445734,0.14238838851451874,0.5355370761749604,4.418477535247803,0.508055719770278
3,val,95,323,1,Unhealthy,lameness,Truro Cow Video Data,unhealthy cows after exercise/Nov 28/323-lameness.mov,240,0,0.9107326470315457,-0.12247219681739807,0.4694201646081933,4.418477535247803,0.4930708962996492
3,val,113,349,1,Unhealthy,sudden fall,Cow 349 - Unhealthy (sudden fall),"Video 2025-03-28, 2 39 08 PM.mov",240,0,0.8926929208139579,1.1327012777328491,0.7563370657498117,4.418477535247803,0.5637401973452116
3,val,115,439,0,Healthy,healthy folder,Truro Cow Video Data,healthy cows before going out/Sep 5/439.mov,240,0,0.9337034339706103,0.9379037618637085,0.7186760326716807,4.418477535247803,0.5528687700297809
3,val,124,323,1,Unhealthy,lameness,Truro Cow Video Data,unhealthy cows after exercise/Nov 5/323-lameness.mov,240,0,0.9248249081273874,0.1166420578956604,0.5291274977620456,4.418477535247803,0.5065992914716828
3,val,142,439,0,Healthy,healthy folder,Truro Cow Video Data,healthy cows after exercise/Sep 8/439.mov,240,0,0.9272120421131452,-0.08308365941047668,0.4792410251914527,4.418477535247803,0.4952992172765301
3,val,151,323,1,Unhealthy,lameness,Truro Cow Video Data,unhealthy cows before going out/Nov 5/323- lameness.mov,240,0,0.9309564903378487,0.7465013861656189,0.678415891327105,4.418477535247803,0.5421372945589987
3,val,168,439,0,Healthy,healthy folder,Truro Cow Video Data,healthy cows after exercise/Sep 4/439.mov,239,1,0.9092682642417972,0.40771743655204773,0.6005404368739288,4.418477535247803,0.5230525320944955
3,val,176,323,1,Unhealthy,lameness,Truro Cow Video Data,unhealthy cows after exercise/Nov 10/323-lameness.mov,240,0,0.895742766559124,0.1692425012588501,0.5422099217282256,4.418477535247803,0.5095746674605804
3,val,195,323,1,Unhealthy,lameness,Truro Cow Video Data,unhealthy cows before going out/Nov 28/323-lameness.mov,240,0,0.9364967639247577,-0.3036620616912842,0.424662506752461,4.418477535247803,0.48282538530165386
4,val,10,421,1,Unhealthy,lameness/stiffness,Yashan Dhaliwal RAC Data 2025,"7 March 2025/After Exercise/421/Video 2025-03-07, 7 25 57 AM.mov",240,0,0.9247473751505216,0.9017061591148376,0.7112999926164051,0.2696729302406311,0.9658980229199086
4,val,13,428,0,Healthy,healthy folder,Truro Cow Video Data,healthy cows before going out/Nov 5/428.mov,228,12,0.809245539600389,-0.20055937767028809,0.45002755130680516,0.2696729302406311,0.3221926549848784
4,val,27,354,1,Unhealthy,lame,Yashan Dhaliwal RAC Data 2025,"24 Feb 2025/During Exercise/354/Video 2025-02-24, 9 41 39 AM.mov",240,0,0.9299345922966799,0.6118974089622498,0.6483735051247823,0.2696729302406311,0.9062798848759461
4,val,29,405,0,Healthy,healthy folder,Truro Cow Video Data,healthy cows after exercise/Sep 8/405.mov,240,0,0.9110889226198197,0.312311053276062,0.5774492625554329,0.2696729302406311,0.7609892141381891
4,val,42,421,1,Unhealthy,lameness/stiffness,Yashan Dhaliwal RAC Data 2025,"March 24 2025/After exercise/421/Video 2025-03-24, 7 53 24 AM.mov",240,0,0.9310943168898423,-0.15530292689800262,0.46125211699994434,0.2696729302406311,0.35987801210066533
4,val,45,428,0,Healthy,healthy folder,Truro Cow Video Data,healthy cows after exercise/Nov 5/428.mov,240,0,0.9216979759434859,-0.18966913223266602,0.45272435803079125,0.2696729302406311,0.33107428025629704
4,val,59,354,1,Unhealthy,lame,Yashan Dhaliwal RAC Data 2025,"March 19 2025/After exercise/354/Video 2025-03-19, 8 04 47 AM.mov",240,0,0.8884655413528283,0.9873372912406921,0.7285616668112169,0.2696729302406311,0.9749433449006285
4,val,61,405,0,Healthy,healthy folder,Truro Cow Video Data,healthy cows before going out/Sep 8/405.mov,240,0,0.9171775318682194,0.09506146609783173,0.5237474860100123,0.2696729302406311,0.5872252711630034
4,val,74,421,1,Unhealthy,lameness/stiffness,Yashan Dhaliwal RAC Data 2025,"March 24 2025/During exercise/421/Video 2025-03-24, 7 21 47 AM.mov",240,0,0.9105600071450074,1.142791748046875,0.7581918385083585,0.2696729302406311,0.9857647358519986
4,val,89,354,1,Unhealthy,lame,Yashan Dhaliwal RAC Data 2025,"26 March 2025/After exercise/354/Video 2025-03-26, 8 32 59 AM.mov",240,0,0.9387057942648729,0.34805068373680115,0.5861447951239319,0.2696729302406311,0.7842555043061504
4,val,91,405,0,Healthy,healthy folder,Truro Cow Video Data,healthy cows after exercise/Sep 4/405.mov,240,0,0.9234221835931142,-0.20943771302700043,0.4478311277714628,0.2696729302406311,0.31504535180434573
4,val,103,421,1,Unhealthy,lameness/stiffness,Yashan Dhaliwal RAC Data 2025,"28 Feb 2025/After Exercise/421/Video 2025-02-28, 9 52 07 AM.mov",240,0,0.9399936330815156,0.11665556579828262,0.5291308632761221,0.2696729302406311,0.606489977954259
4,val,118,354,1,Unhealthy,lame,Yashan Dhaliwal RAC Data 2025,"21 Feb 2025/During Exercise/354/Video 2025-02-21, 9 23 37 AM.mov",240,0,0.9070203676819801,1.0127772092819214,0.733563301718862,0.2696729302406311,0.9771474776436356
4,val,120,405,0,Healthy,healthy folder,Truro Cow Video Data,healthy cows after exercise/Sep 5/405.mov,240,0,0.9110773128767808,0.29912111163139343,0.574227651200796,0.2696729302406311,0.7519798656771273
4,val,132,421,1,Unhealthy,lameness/stiffness,Yashan Dhaliwal RAC Data 2025,"7 March 2025/Before Exercise/421/Video 2025-03-07, 6 17 24 AM.mov",240,0,0.9428104480107625,0.02868160605430603,0.5071699100023558,0.2696729302406311,0.5265642159835532
4,val,145,354,1,Unhealthy,lame,Yashan Dhaliwal RAC Data 2025,"6 March 2025/Before Exercise/354/Video 2025-03-06, 6 35 48 AM.mov",240,0,0.9263859363893668,0.210581973195076,0.5524518061415745,0.2696729302406311,0.6858695636698299
4,val,147,405,0,Healthy,healthy folder,Truro Cow Video Data,healthy cows before going out/Sep 5/405.mov,240,0,0.936050142844518,0.17598433792591095,0.5438828867000112,0.2696729302406311,0.6575926068672041
4,val,158,421,1,Unhealthy,lameness/stiffness,Yashan Dhaliwal RAC Data 2025,"19 Feb 2025/During Exercise/421/Video 2025-02-19, 9 32 19 AM.mov",236,4,0.887193664150723,0.8125448822975159,0.6926515380025342,0.2696729302406311,0.9531613481086195
4,val,171,354,1,Unhealthy,lame,Yashan Dhaliwal RAC Data 2025,"27 Feb 2025/After Exercise/354/Video 2025-02-27, 3 46 49 PM.mov",240,0,0.9188152636090915,0.6343798041343689,0.6534819050695306,0.2696729302406311,0.9131251572650466
4,val,183,421,1,Unhealthy,lameness/stiffness,Yashan Dhaliwal RAC Data 2025,"20 Feb 2025/Before Exercise/421/Video 2025-02-20, 8 37 01 AM.mov",240,0,0.9422114344934622,0.004694421775639057,0.5011736032886277,0.2696729302406311,0.5043518487637022
4,val,192,354,1,Unhealthy,lame,Yashan Dhaliwal RAC Data 2025,"10 March 2025/Before exercise/354/Video 2025-03-10, 6 46 55 AM.mov",240,0,0.936105857292811,0.7664405703544617,0.6827504151390346,0.2696729302406311,0.9449094874108823
4,val,202,421,1,Unhealthy,lameness/stiffness,Yashan Dhaliwal RAC Data 2025,"10 March 2025/After exercise/421/Video 2025-03-10, 7 20 34 AM.mov",240,0,0.9284285046160221,-0.18504534661769867,0.45387021877192474,0.2696729302406311,0.33488241855350953
4,val,211,354,1,Unhealthy,lame,Yashan Dhaliwal RAC Data 2025,"10 March 2025/After exercise/354/Video 2025-03-10, 7 39 22 AM.mov",240,0,0.9356954174737135,0.25953179597854614,0.5645211934028218,0.2696729302406311,0.7236010055983142
4,val,219,421,1,Unhealthy,lameness/stiffness,Yashan Dhaliwal RAC Data 2025,"26 March 2025/After exercise/421/Video 2025-03-26, 8 29 55 AM.mov",240,0,0.8558583483099937,0.9462615847587585,0.7203627314073996,0.2696729302406311,0.9709405959696945
4,val,228,354,1,Unhealthy,lame,Yashan Dhaliwal RAC Data 2025,"27 Feb 2025/Before Exercise/354/Video 2025-02-27, 2 49 57 PM.mov",240,0,0.9311288975179195,0.5728892683982849,0.6394295911075117,0.2696729302406311,0.8932508273081131
4,val,235,421,1,Unhealthy,lameness/stiffness,Yashan Dhaliwal RAC Data 2025,"6 March 2025/After Exercise/421/Video 2025-03-06, 7 41 38 AM.mov",240,0,0.9421610308190187,-0.1401704102754593,0.46501466059801655,0.2696729302406311,0.3729038392573803
4,val,244,354,1,Unhealthy,lame,Yashan Dhaliwal RAC Data 2025,"12 March 2025/After exercise/354/Video 2025-03-12, 8 17 08 AM.mov",240,0,0.9126965100566546,0.29564169049263,0.5733767477327916,0.2696729302406311,0.7495656781507375
4,val,250,421,1,Unhealthy,lameness/stiffness,Yashan Dhaliwal RAC Data 2025,"20 Feb 2025/During Exercise/421/Video 2025-02-20, 9 26 43 AM.mov",240,0,0.9105410858988762,0.06370459496974945,0.5159207648691858,0.2696729302406311,0.5587841632928771
5,val,4,406,0,Healthy,healthy folder,Truro Cow Video Data,healthy cows before going out/Sep 8/406.mov,240,0,0.911056953171889,0.1460815668106079,0.5364555851005175,10.0,0.5036519742267563
5,val,12,438,1,Unhealthy,possible metritis,Yashan Dhaliwal RAC Data 2025,"20 Feb 2025/Before Exercise/438/Video 2025-02-20, 8 57 35 AM.mov",240,0,0.933679478118817,-0.2753775417804718,0.4315873956883825,10.0,0.4931159964776542
5,val,14,426,0,Healthy,healthy folder,Truro Cow Video Data,healthy cows after exercise/Nov 7/426.mov,240,0,0.9147064263621966,-0.19488511979579926,0.4514323403277113,10.0,0.49512802620295193
5,val,18,425,1,Unhealthy,unhealthy folder,Truro Cow Video Data,unhealthy cows after exercise/Sep 4/425.mov,240,0,0.9188506041963895,0.02418842539191246,0.5060468115285177,10.0,0.5006047103399612
5,val,36,406,0,Healthy,healthy folder,Truro Cow Video Data,healthy cows after exercise/Sep 5/406.mov,109,131,0.9147433665914273,0.008987056091427803,0.5022467489009135,10.0,0.5002246763871636
5,val,44,438,1,Unhealthy,possible metritis,Yashan Dhaliwal RAC Data 2025,"20 Feb 2025/During Exercise/438/Video 2025-02-20, 9 16 25 AM.mov",142,98,0.7666452296183143,-0.21365907788276672,0.4467875067670884,10.0,0.494658726243238
5,val,46,426,0,Healthy,healthy folder,Truro Cow Video Data,healthy cows before going out/Nov 7/426.mov,240,0,0.9348373867571353,-0.014882547780871391,0.49627943172698835,10.0,0.4996279363741519
5,val,50,425,1,Unhealthy,lameness,Truro Cow Video Data,unhealthy cows after exercise/Oct 29/425-lameness.mov,240,0,0.9115876237551371,-0.3031512498855591,0.4247873152702998,10.0,0.4924217991121528
5,val,68,406,0,Healthy,healthy folder,Truro Cow Video Data,healthy cows after exercise/Nov 28/406.mov,240,0,0.907888301461935,-0.208985835313797,0.44794287000564703,10.0,0.49477554426453674
5,val,76,438,1,Unhealthy,possible metritis,Yashan Dhaliwal RAC Data 2025,"19 Feb 2025/During Exercise/438/Video 2025-02-19, 9 29 42 AM.mov",227,13,0.7865674976210237,-0.17851781845092773,0.4554886921135614,10.0,0.49553717305817907
5,val,77,426,0,Healthy,healthy folder,Truro Cow Video Data,healthy cows after exercise/Nov 10/426.mov,240,0,0.8933867079516252,-0.19415996968746185,0.4516119236748305,10.0,0.49514615324083083
5,val,81,425,1,Unhealthy,lameness,Truro Cow Video Data,unhealthy cows before going out/oct 29/425-lameness.mov,240,0,0.9149432549873988,0.08445197343826294,0.5211004539081172,10.0,0.5021112867876514
5,val,97,406,0,Healthy,healthy folder,Truro Cow Video Data,healthy cows after exercise/Sep 4/406.mov,239,1,0.8010908008619333,0.26645439863204956,0.5662222587974396,10.0,0.5066609658747152
5,val,105,438,1,Unhealthy,possible metritis,Yashan Dhaliwal RAC Data 2025,"6 March 2025/During Exercise/438/Video 2025-03-06, 7 01 07 AM.mov",240,0,0.9386081740260124,-0.29388439655303955,0.42705316954786343,10.0,0.4926534188367337
5,val,106,426,0,Healthy,healthy folder,Truro Cow Video Data,healthy cows before going out/Nov 10/426.mov,226,14,0.9181157437573492,-0.19212588667869568,0.45211573122673554,10.0,0.4951970005738123
5,val,110,425,1,Unhealthy,lameness,Truro Cow Video Data,unhealthy cows before going out/Nov 10/425- lameness.mov,240,0,0.9359828511873881,-0.25596895813941956,0.4363548844834055,10.0,0.4936011254218247
5,val,126,406,0,Healthy,healthy folder,Truro Cow Video Data,healthy cows after exercise/Sep 8/406.mov,240,0,0.9387013539671898,-0.09949340671300888,0.475147146344921,10.0,0.4975126853502855
5,val,134,438,1,Unhealthy,possible metritis,Yashan Dhaliwal RAC Data 2025,"7 March 2025/After Exercise/438/Video 2025-03-07, 7 57 09 AM.mov",240,0,0.9332467970748742,-0.22722327709197998,0.443437334406037,10.0,0.4943196624690968
5,val,138,425,1,Unhealthy,lameness,Truro Cow Video Data,unhealthy cows after exercise/Sep 26/425-lameness.mov,156,84,0.8682629133646305,0.2151445895433426,0.5535796357293257,10.0,0.5053784072806978
5,val,153,406,0,Healthy,healthy folder,Truro Cow Video Data,healthy cows before going out/Nov 28/406.mov,167,73,0.8631549852336952,0.3258170783519745,0.5807412608657762,10.0,0.5081447064584482
5,val,160,438,1,Unhealthy,possible metritis,Yashan Dhaliwal RAC Data 2025,"March 24 2025/Before exercise/438/Video 2025-03-24, 7 04 54 AM.mov",240,0,0.9293987601995468,-0.22897273302078247,0.44300561035054964,10.0,0.49427593175928114
5,val,164,425,1,Unhealthy,lameness,Truro Cow Video Data,unhealthy cows after exercise/Nov 7/425-lameness.mov,240,0,0.9277856886386872,-0.2546454966068268,0.4366804162925937,10.0,0.49363420656911444
5,val,178,406,0,Healthy,healthy folder,Truro Cow Video Data,healthy cows before going out/Sep 5/406.mov,240,0,0.9335280261933804,-0.26973843574523926,0.43297130980430143,10.0,0.49325694794852415
5,val,185,438,1,Unhealthy,possible metritis,Yashan Dhaliwal RAC Data 2025,"March 24 2025/During exercise/438/Video 2025-03-24, 7 29 33 AM.mov",240,0,0.9302744997044404,-0.13777408003807068,0.4656108598094327,10.0,0.49655570248105285
5,val,188,425,1,Unhealthy,lameness,Truro Cow Video Data,unhealthy cows before going out/Sep 5/425-lameness.mov,240,0,0.8864598405857881,0.3329634666442871,0.5824802587356134,10.0,0.5083233177120883
5,val,197,406,0,Healthy,healthy folder,Truro Cow Video Data,healthy cows before going out/Sep 4/406.mov,240,0,0.8745156760017078,0.3087886571884155,0.5765895585885364,10.0,0.5077191030895941
5,val,204,438,1,Unhealthy,possible metritis,Yashan Dhaliwal RAC Data 2025,"7 March 2025/Before Exercise/438/Video 2025-03-07, 6 25 22 AM.mov",240,0,0.9214619271457195,-0.2632603049278259,0.4345624225985817,10.0,0.4934188724653698
5,val,207,425,1,Unhealthy,lameness,Truro Cow Video Data,unhealthy cows before going out/Sep 29/425-lameness.mov,222,18,0.8695922099255227,0.8966282606124878,0.7102561166190872,10.0,0.5224007011342762
5,val,221,438,1,Unhealthy,possible metritis,Yashan Dhaliwal RAC Data 2025,"19 Feb 2025/After Exercise/438/Video 2025-02-19, 10 00 34 AM.mov",240,0,0.8976600249608357,-0.1642938107252121,0.45901868806403573,10.0,0.49589274711882375
5,val,224,425,1,Unhealthy,lameness,Truro Cow Video Data,unhealthy cows before going out/Nov 5/425- lameness.mov,228,12,0.9097434060092557,-0.13138994574546814,0.4671996868451289,10.0,0.49671529861026414
5,val,237,438,1,Unhealthy,possible metritis,Yashan Dhaliwal RAC Data 2025,"27 Feb 2025/Before Exercise/438/Video 2025-02-27, 2 42 51 PM.mov",240,0,0.9318277048567931,-0.18832585215568542,0.4530571969241312,10.0,0.4952919928428952
5,val,240,425,1,Unhealthy,lameness,Truro Cow Video Data,unhealthy cows after exercise/Sep 29/425-lameness.mov,240,0,0.9116174807151158,1.0583041906356812,0.7423663405789378,10.0,0.5264329384564429
6,val,5,387,0,Healthy,healthy folder,Truro Cow Video Data,healthy cows before going out/Sep 29/387.mov,240,0,0.873274622609218,0.4685211777687073,0.6150336793313013,0.8625203371047974,0.6325565400103033
6,val,7,446,1,Unhealthy,fresh cows,Truro Cow Video Data,unhealthy cows after exercise/Sep 5/446- fresh cows.mov,240,0,0.9178997702896595,0.9620912075042725,0.7235403042847178,0.8625203371047974,0.7531422321898117
6,val,28,255,1,Unhealthy,lameness,Truro Cow Video Data,unhealthy cows before going out/oct 29/255-lameness.mov,228,12,0.9114086829256594,0.6013493537902832,0.6459649563982934,0.8625203371047974,0.6675667290072526
6,val,30,355,0,Healthy,healthy folder,Truro Cow Video Data,healthy cows before going out/Sep 8/355.mov,240,0,0.9403041946391265,0.49367210268974304,0.6209711035669288,0.8625203371047974,0.6393075442922986
6,val,37,387,0,Healthy,healthy folder,Truro Cow Video Data,healthy cows before going out/Sep 26/387.mov,240,0,0.9284285965065161,0.15234461426734924,0.5380126627074587,0.8625203371047974,0.5440423776330786
6,val,39,446,1,Unhealthy,fresh cows,Truro Cow Video Data,unhealthy cows before going out/Sep 4/446- fresh cows.mov,223,17,0.8755478757379301,1.1363524198532104,0.7570093095941939,0.8625203371047974,0.7887619698489192
6,val,60,255,1,Unhealthy,lame,Yashan Dhaliwal RAC Data 2025,"10 March 2025/During exercise/255/Video 2025-03-10, 6 58 02 AM.mov",240,0,0.9107565005620321,1.3752590417861938,0.7982285021707942,0.8625203371047974,0.8312434601169619
6,val,62,355,0,Healthy,healthy folder,Truro Cow Video Data,healthy cows before going out/Sep 4/355.mov,240,0,0.9181237099071343,0.48007139563560486,0.6177647336671983,0.8625203371047974,0.6356634880825397
6,val,69,387,0,Healthy,healthy folder,Truro Cow Video Data,healthy cows before going out/Oct 1/387.mov,240,0,0.911483658105135,0.2140987515449524,0.5533211641377249,0.8625203371047974,0.5617394622750467
6,val,71,446,1,Unhealthy,fresh cows,Truro Cow Video Data,unhealthy cows after exercise/Sep 4/446- fresh cows.mov,221,19,0.8468000608332017,1.2628494501113892,0.7795162347310661,0.8625203371047974,0.8121648701151672
6,val,90,255,1,Unhealthy,lameness,Truro Cow Video Data,unhealthy cows before going out/Nov 10/255- lameness.mov,240,0,0.922835485637188,0.31652727723121643,0.5784776906459702,0.8625203371047974,0.5907289166678926
6,val,92,355,0,Healthy,healthy folder,Truro Cow Video Data,healthy cows before going out/Sep 5/355.mov,240,0,0.9087575907508533,0.5325205326080322,0.6300707940706963,0.8625203371047974,0.6496271141934346
6,val,98,387,0,Healthy,healthy folder,Truro Cow Video Data,healthy cows after exercise/Sep 29/387.mov,240,0,0.9007205563286941,-0.15491780638694763,0.4613478203353348,0.8625203371047974,0.4552176718170513
6,val,100,446,1,Unhealthy,fresh cows,Truro Cow Video Data,unhealthy cows before going out/Sep 8/446- fresh cows.mov,240,0,0.9309417222936948,1.3056654930114746,0.7867869321100747,0.8625203371047974,0.8196206341126515
6,val,119,255,1,Unhealthy,lame,Yashan Dhaliwal RAC Data 2025,"6 March 2025/After Exercise/255/Video 2025-03-06, 7 36 58 AM.mov",240,0,0.9342030165096123,0.5500309467315674,0.6341427708592526,0.8625203371047974,0.6542338107081499
6,val,121,355,0,Healthy,healthy folder,Truro Cow Video Data,healthy cows after exercise/Sep 4/355.mov,240,0,0.9202614963054657,0.720470666885376,0.6727106527034521,0.8625203371047974,0.6974762367762523
6,val,127,387,0,Healthy,healthy folder,Truro Cow Video Data,healthy cows after exercise/Sep 26/387.mov,240,0,0.8927430885533492,0.613783597946167,0.6488034080514612,0.8625203371047974,0.6707582217597415
6,val,129,446,1,Unhealthy,fresh cows,Truro Cow Video Data,unhealthy cows after exercise/Sep 8/446- fresh cows.mov,240,0,0.9242884775002798,0.8982676267623901,0.7105933693347949,0.8625203371047974,0.7391287535843319
6,val,146,255,1,Unhealthy,lame,Yashan Dhaliwal RAC Data 2025,"7 March 2025/Before Exercise/255/Video 2025-03-07, 6 15 14 AM.mov",240,0,0.9405695259571075,0.46721869707107544,0.6147252483865909,0.8625203371047974,0.6322054821642618
6,val,148,355,0,Healthy,healthy folder,Truro Cow Video Data,healthy cows after exercise/Sep 5/355.mov,240,0,0.9303450296322505,0.13941483199596405,0.5347973646802469,0.8625203371047974,0.5403213939376125
6,val,154,387,0,Healthy,healthy folder,Truro Cow Video Data,healthy cows before going out/Oct 6/387.mov,240,0,0.9176990941166878,0.4910046458244324,0.6203430726515412,0.8625203371047974,0.6385940972380154
6,val,172,255,1,Unhealthy,lame,Yashan Dhaliwal RAC Data 2025,"24 Feb 2025/After Exercise/255/Video 2025-02-24, 10 23 45 AM.mov",240,0,0.9304577060043812,0.5609699487686157,0.636676937993663,0.8625203371047974,0.657097127301035
6,val,173,355,0,Healthy,healthy folder,Truro Cow Video Data,healthy cows after exercise/Sep 8/355.mov,224,16,0.871411166020802,0.8521840572357178,0.7010250975330116,0.8625203371047974,0.7286959046928568
6,val,179,387,0,Healthy,healthy folder,Truro Cow Video Data,healthy cows after exercise/Oct 6/387.mov,240,0,0.9339507547517617,-0.10251016169786453,0.47439487791249235,0.8625203371047974,0.4703225354147307
6,val,193,255,1,Unhealthy,lame,Yashan Dhaliwal RAC Data 2025,"6 March 2025/During Exercise/255/Video 2025-03-06, 6 50 27 AM.mov",240,0,0.9254020775357882,1.1987597942352295,0.7683040843179331,0.8625203371047974,0.8005656860889361
6,val,198,387,0,Healthy,healthy folder,Truro Cow Video Data,healthy cows after exercise/Oct 1/387.mov,240,0,0.9315506761272748,-0.0006532194092869759,0.499836695153485,0.8625203371047974,0.4998106655142017
6,val,212,255,1,Unhealthy,lame,Yashan Dhaliwal RAC Data 2025,"27 Feb 2025/During Exercise/255/Video 2025-02-27, 3 06 39 PM.mov",240,0,0.9000558401147525,0.6407970786094666,0.6549336190829338,0.8625203371047974,0.6776374609623751
6,val,215,387,0,Healthy,healthy folder,Truro Cow Video Data,healthy cows before going out/Sep 25/387.mov,240,0,0.9328289069235325,-0.2780003845691681,0.4309440764445842,0.8625203371047974,0.4201124756547634
6,val,229,255,1,Unhealthy,lame,Yashan Dhaliwal RAC Data 2025,"26 March 2025/255/Video 2025-03-26, 8 36 20 AM.mov",240,0,0.9301489410301049,0.537076473236084,0.6311320692076823,0.8625203371047974,0.6508284356322962
6,val,245,255,1,Unhealthy,lame,Yashan Dhaliwal RAC Data 2025,"28 Feb 2025/After Exercise/255/Video 2025-02-28, 9 47 37 AM.mov",240,0,0.9172798715531826,0.8080711960792542,0.6916983356503946,0.8625203371047974,0.7184673932235537
